fitness,bollinger_buy_5_10,bollinger_buy_10_50,bollinger_buy_20_50,bollinger_buy_50_100,adx_buy_10,adx_buy_15,rsi_buy_10,rsi_buy_15,bollinger_sell_5_10,bollinger_sell_10_50,bollinger_sell_20_50,bollinger_sell_50_100,adx_sell_10,adx_sell_15,rsi_sell_10,rsi_sell_15
127.03633156774032,-0.7355551028399889,-0.7465128375001594,-0.4764070683263413,-0.16338496247597742,0.9561272062683542,0.7183593843777744,0.5335636683921026,0.578305662802031,0.5001999402530306,-0.12243150820232791,-0.3363878381234713,-0.5659265095642494,0.9861836137130492,0.5984603359898827,-0.36104585128679667,0.6161504568359548
127.03633156774032,-0.7042572375409024,-0.6957476820559814,-0.500970485604763,-0.1990589213061168,0.9610462364444474,0.6792214428367064,0.4999657505530645,0.5336698583448075,0.5531164052789714,-0.05956689379063018,-0.25807391717641404,-0.4711714330248498,0.897153659735797,0.6327963326464243,-0.36461195733000384,0.5728993706482691
127.03633156774032,-0.703425264953533,-0.713969747129582,-0.47568621268252337,-0.19635624490844678,0.9289848898771925,0.7170142321248768,0.4921644066282388,0.5439033614717882,0.545600628809494,-0.09036672072262167,-0.30193994048815354,-0.519491446081364,0.9471448625280702,0.6095969462837836,-0.3871308020682039,0.62258985747314
127.03633156774032,-0.73143450673818,-0.693270662430971,-0.41444649467279376,-0.19436308992923504,0.9089939920042338,0.7277462852817498,0.4793393327645687,0.586932839816419,0.5832463365562329,-0.14619575941209742,-0.3263898270321753,-0.5292987845807526,0.935305271594135,0.5524504485491326,-0.4150557811104743,0.5991517975746469
121.61043878252501,0.03171141933267714,0.21504999560288102,-0.2841896880447881,-0.682260570057526,0.5904054368058603,0.3468370395141477,0.6310054638440701,0.48140016481798625,0.8039851376788931,0.6011433250248981,-0.1511574075901283,-0.9805729946290693,0.5831660961131933,0.12681767733190982,0.9807606134713482,0.7817682759125772
121.45623290134253,0.057777457843875946,0.1584422386622536,-0.26406478997555466,-0.7458123948121724,0.6951954991791132,0.3169617018602109,0.6441471866573985,0.5466194788467198,0.7786091569292675,0.6341678111723951,-0.14287031908976738,-0.9641471399544438,0.5579040299839527,0.12318294996071467,0.9798355077303991,0.7198336460558279
121.45623290134253,0.007964565747735276,0.20206820390276917,-0.26325862358378743,-0.7088268387197129,0.6405143378949527,0.3215466037929072,0.6554638027173564,0.5286755128523939,0.7457527740627986,0.6034947482543004,-0.09615278822512195,-1.0016550695763902,0.5443123439934578,0.048437034211821536,0.9574613917767222,0.7976295908373383
121.05976463317495,-0.4413973538027314,0.42818793658311055,-0.3487195932626767,-0.5668155700267601,0.7561866677498128,-0.33310814206774353,0.4406212503374667,0.702448532742788,-0.2580042245584325,-1.1120933376457012,-0.9184257192049551,-0.5272442851897317,0.0670817937393978,-0.23566417149180624,0.2445341399487678,0.8848650095955684
121.05976463317495,-0.43217265676607863,0.3990593061692408,-0.3134787549419105,-0.5585225723116061,0.8254573889245014,-0.30519659259729653,0.4745306803498946,0.6263926277281516,-0.18869417610724692,-1.1111816823702363,-0.9625445429382569,-0.5176862259353707,0.0598834200478635,-0.29091846871277216,0.3071070982584576,0.9343398763342793
121.05976463317495,-0.4707873070471822,0.48929979340545743,-0.36979861462826447,-0.5584310975804812,0.7720564481369121,-0.3084914836752649,0.4901284565497665,0.6533838675148917,-0.2112703019609364,-1.0872081365428212,-0.919175494574144,-0.5365387993096048,0.0395872497333582,-0.27975679708126144,0.26179077395561856,0.9204634842145074
121.05976463317495,-0.4566592899829794,0.4576845612308317,-0.40420573784326824,-0.5407369507851076,0.7834256601446197,-0.2818732480264185,0.4125535345764623,0.6738334871013848,-0.18747247128601185,-1.0790949065974538,-0.9589272418184261,-0.5054193858568774,0.07614777411817215,-0.2525785584106985,0.13795010860937734,0.8305290097123694
121.05976463317495,-0.49448356562361523,0.40156900837401793,-0.3284399409299968,-0.6046858503396243,0.7525493551519048,-0.33894279479036127,0.4613030727476359,0.6703316053642016,-0.23722107403639506,-1.1165931791641044,-0.9942312087035833,-0.5169418268683692,0.09039252517430338,-0.26430261238774255,0.2704963484778998,0.9228846512233088
121.05976463317495,-0.4517935988741795,0.43302264148300207,-0.3169256007639483,-0.5933585549553478,0.7645575890256205,-0.32191558417195537,0.5014268630015277,0.709050480035189,-0.25640425606295025,-1.1295829918156004,-0.9119476414658545,-0.5090722441296254,0.12487553265868091,-0.26986953843243533,0.31645801998905876,0.8708156392265819
121.05976463317495,-0.4098955431568896,0.435198790378895,-0.36030247131406684,-0.49953923899297015,0.8231611444960176,-0.32738875888983293,0.4535866628741094,0.6997249697667673,-0.1891484636368036,-1.0395465165755533,-0.9622308823019114,-0.5175144340942179,0.06268827722810709,-0.29538957259135,0.1874215255037294,0.8206754563039058
121.05976463317495,-0.4765358992763178,0.44695811124106266,-0.32182778345554314,-0.5896807422039579,0.8010224840759336,-0.2973692816050921,0.47511986826553554,0.6726189108548424,-0.21657542656452988,-1.0905532787230043,-0.9609196109390764,-0.5403483666749915,0.07901980102818959,-0.24609612764565914,0.26883824041031196,0.8913222670975894
121.05976463317495,-0.4794103147597213,0.44576649492511206,-0.3885474440188739,-0.5897698926804855,0.7829959331084064,-0.3469092295888415,0.40155787225341383,0.6806116134749383,-0.24170514333211096,-1.0123406042402536,-0.8809495053293498,-0.6034436948749022,0.012639886979400113,-0.2644849990417622,0.20812085726591417,0.8746479291067769
121.05976463317495,-0.39486686810632976,0.400089002963986,-0.39980401917681724,-0.5144101151566163,0.8694417454955902,-0.2774907042532251,0.39016353478529375,0.6441834736108197,-0.23308624770708736,-1.0369004779437894,-0.89689591462064,-0.5214207373667594,0.1035766646926472,-0.3003991382329742,0.2064370381904826,0.8396678231214507
121.05976463317495,-0.44828203784265613,0.44583255151296464,-0.36937925083609974,-0.52564986457517,0.8058333858940868,-0.30739811954379115,0.4537411904802649,0.701198097279405,-0.26218996843802533,-1.0981362703414126,-0.9214079719742816,-0.6057871777121049,0.057707799557262046,-0.25794218900365656,0.25907761048039607,0.8390421068889736
120.73388120847403,-0.43563089018905127,0.4617598990931677,-0.3226043791805606,-0.4862628121338417,0.8336677424947354,-0.29168504175632975,0.4983032442044847,0.6711447088586108,-0.16785758611331786,-1.0563609969182215,-0.9146910997846833,-0.5197841755962216,0.0886123246386766,-0.3135255718662831,0.2064846200481748,0.8612751193745745
113.65816469683959,-0.5251120966245355,0.4529298644734797,-0.36018376333327995,-0.5964638030103522,0.7785640122627366,-0.37077525121911087,0.3895398409266779,0.718303079855575,-0.24266098413884857,-0.9725352733051458,-0.8935186330118821,-0.5828474170291009,0.006897247225456975,-0.24115925971155422,0.20136759321560432,0.8910074785327112
113.65816469683959,-0.3615955009510812,0.42944101832080106,-0.3450026649670104,-0.5126031229899966,0.8503341699320857,-0.3718219660051736,0.484903595949572,0.6666223618649638,-0.1722534358454777,-1.0369629996506111,-0.9631211983742426,-0.5311461429409147,0.019577735055051698,-0.25442302838229586,0.163080216629166,0.86514088580939
113.65816469683959,-0.38630124514398956,0.500421181218462,-0.3839813669916422,-0.4894303442592781,0.8531144332716232,-0.2555297130133264,0.4529046978661445,0.6626022687695657,-0.30269535276167486,-1.096492155438421,-0.8781204296526339,-0.4659756018317516,-0.03334897881929492,-0.2570935880947111,0.26357035137171153,0.823089421117721
113.65816469683959,-0.450298372159631,0.4765253958236301,-0.33250165070668036,-0.538767258352213,0.8202327167782297,-0.3555771273773349,0.4032532495299224,0.7116615355363547,-0.25569603174337646,-1.0980553207026473,-0.9571427797988051,-0.5329740980978015,0.031723532589619505,-0.2509529232063042,0.24078692325782908,0.9175957753074084
113.65816469683959,-0.4290577459447457,0.5205108978035278,-0.3904659242638619,-0.49747679179980414,0.8283337771041459,-0.30389599360289765,0.4023325820867747,0.7053502514481216,-0.27609459520515917,-1.0792708905674095,-0.9623095079213306,-0.5484600610865396,-0.02775410953420279,-0.2626148292154253,0.21493264005696266,0.9228923190517885
113.65816469683959,-0.4621581437158084,0.48256246922988627,-0.3635356771915887,-0.56153567029149,0.8407431544178269,-0.35107776794272716,0.4213020665420517,0.7508900133489859,-0.21713737915803222,-1.0242344302438402,-0.9664750955449248,-0.5117370399029451,0.010492160365129535,-0.33708956540528884,0.18032401591538222,0.8509525305605348
113.65816469683959,-0.42009120448024184,0.39983806855980036,-0.3219377187219785,-0.514177954188494,0.8001091427397036,-0.28382925208240395,0.44028251223466824,0.6267516075254029,-0.21801961015316618,-1.0688419786581327,-0.9158295256695903,-0.604485693998401,0.08340349393462076,-0.3007546295429008,0.23231391223128905,0.8659645769575652
113.65816469683959,-0.5278944994445565,0.5507049371114884,-0.34802086777564967,-0.5505895924218447,0.8966383415839099,-0.34086036069516124,0.4357210854575281,0.707912412726847,-0.16553109776148128,-0.9960898923315892,-0.9005674176844469,-0.5179412569450749,0.03726142054387251,-0.26439050891843363,0.2268304704782046,0.8526532940784857
113.65816469683959,-0.43044718600047677,0.5336742743148458,-0.3423787924725277,-0.4677828299476613,0.9046731168092992,-0.3200600537805674,0.4906548409873817,0.6600721080882834,-0.29391454318934007,-1.1240467162740317,-0.8734150155651211,-0.4984411938570331,-0.020798470639602294,-0.2628291757058483,0.20919509327992547,0.8215375494990524
113.65816469683959,-0.41743078222568986,0.548877821621643,-0.36222082000267297,-0.5223499067189771,0.924639531792443,-0.27484818741854944,0.4309314856110188,0.6833060971820423,-0.312671725970833,-1.132609728163052,-0.9558929744820409,-0.4601833534025196,-0.07416825468166728,-0.276089844105723,0.23831559471827696,0.8805576969577606
113.65816469683959,-0.3912074080054644,0.4909880224744476,-0.3475653219585625,-0.5708882092750819,0.881587148602324,-0.28082447829368556,0.39128542052668425,0.6980030560908036,-0.27135005446567917,-1.018485928906129,-0.940914129632417,-0.609512348326974,0.0805491838820026,-0.27628928601277647,0.19687698468693593,0.8539577925715549
113.65816469683959,-0.5207305904686002,0.5155453451282568,-0.3846480777145098,-0.5990948173348247,0.865847563341781,-0.27319905397897104,0.4033668556129362,0.6987898519053163,-0.20376525437023507,-0.9477408067077894,-0.8941069307505515,-0.46812816374955163,0.010160897829578845,-0.2669157654679399,0.22266432955551643,0.882325111319848
113.65816469683959,-0.41822919497374855,0.516835482229616,-0.34552034305803614,-0.4968695026059554,0.876540672788284,-0.28738896905026,0.4472727440099251,0.695290582800857,-0.2844137099633469,-1.0853616548557348,-0.9229677560868477,-0.4962334683159961,-0.031442251500297724,-0.29392889300402614,0.2172799643396001,0.8444622855811943
113.65816469683959,-0.4448365076859392,0.4276033402515537,-0.3434014827505215,-0.5439036865230772,0.7953810744658539,-0.31269957397867965,0.3801375071357088,0.6976340301764533,-0.19958402737025405,-1.0108339416263472,-0.9193172104291374,-0.5984181155278766,0.028391494129045174,-0.24245409699375603,0.2512411826434823,0.8188372424771729
113.65816469683959,-0.49489265220505035,0.4354150466615129,-0.27025414348617777,-0.5126350025101494,0.8582778154517328,-0.3243712603736508,0.4588792379073195,0.6010306765127252,-0.228188691960019,-1.0242766382043018,-0.9474243187432514,-0.5264244510162419,-0.03607839813694845,-0.3284380855724275,0.1964318548334723,0.8295742615511849
97.92399313295864,0.14700053598888208,0.0793632485788286,-0.3538104963327391,-0.642660010663568,0.5674774083560432,0.2505864424740446,0.7007678723094454,0.514475482303786,0.8171636902202709,0.6195458877539242,-0.2006635657469097,-1.0273838942980706,0.46688547143214204,0.0130317521807964,0.8679570130233829,0.8305802296611521
97.92399313295864,0.1868960268510162,0.07989497667900278,-0.3711389801692898,-0.6548496399221114,0.6229374740306569,0.23715613082250553,0.5661392317937068,0.60445462112166,0.8262161976141743,0.6334478052276985,-0.25843451183561666,-0.9300955112227234,0.5466456610619317,-0.05297625901412506,0.908646839263406,0.8648490956787397
97.92399313295864,0.1328584426049732,0.08495246950759114,-0.41673161913271783,-0.6280907304155903,0.559682908433591,0.22456336238867702,0.6275603462483804,0.5209326527114437,0.8184591361698527,0.5952496452220661,-0.12922764690520377,-1.0246508647240768,0.48004205468666816,-0.006953096529675601,0.9310507635259168,0.7883340945350489
97.92399313295864,0.14891945361241465,0.15496063957868317,-0.34280165390753053,-0.654663204193949,0.6143000940370519,0.2612930475539631,0.7141450528718738,0.5481959285421223,0.7783507802202334,0.7235499489312954,-0.12945255546134038,-0.9596157606102297,0.4984547658161415,0.0946483901626962,0.9434215069242293,0.7806429370781649
97.92399313295864,0.11080970941791415,0.013854777018761241,-0.3620116679518073,-0.7024292041408324,0.5879428697598899,0.29495511880120145,0.6831769601894494,0.596090585538019,0.8965965611711393,0.5984186763519371,-0.15183292865921832,-0.886068604386245,0.5641371273130822,0.12816326635363262,0.9025680919574306,0.7860028719129084
97.90993935056024,0.21949350435535264,-0.021117885134182487,0.2784831009956079,-0.09103497801563168,0.5966097600263959,0.3418015652947671,-0.19566786996620522,-0.0033528409913568813,0.34423104170315666,0.34856047962286546,0.5238382180450116,0.7935711436381274,-0.5317597287631675,-0.021226392775779396,0.10286007942547516,-0.6366397178600406
97.07957372961204,0.03896826359273321,0.20540245092851228,-0.36115943762402236,-0.6269146642512037,0.6370668742630533,0.153263449198707,0.6374514216321017,0.5697389990988657,0.8624172803770239,0.6315134202922339,-0.19256779026890247,-1.0013358341956042,0.6188294681284658,-0.0683017783674563,0.892416471030355,0.8859094864118017
97.07957372961204,0.0825790788069716,0.22776811047654966,-0.35665927539061754,-0.6981188968523614,0.6332938900732932,0.21303675319301202,0.6647960034204146,0.5039038047876452,0.896220774439985,0.6687092848725871,-0.10426901969378977,-1.0667007338493832,0.46726350360091434,0.032638010251589175,0.8362497060830953,0.8343259948140505
97.07957372961204,0.06875257190613437,0.14401281389706344,-0.33544661259061476,-0.7307229693377982,0.5594815614416342,0.27549886823646497,0.6178054482389194,0.5798356254672944,0.8248295389890865,0.6217600256288334,-0.1870293484443094,-0.9506498821045138,0.5333499375152946,-0.022480208965160967,0.9632007537303366,0.7984661542255963
97.07957372961204,0.06376575553288559,0.17098952284799634,-0.2291155938302873,-0.6498131223164068,0.6103052314453695,0.3134783608907029,0.6782082928478983,0.47718693732676704,0.8728755608956207,0.7328756899768551,-0.1890752002657587,-0.9485962932371308,0.5740427963063814,0.04971982282898141,0.8921900967760925,0.8607005954729499
97.07957372961204,0.004092060826699717,0.21566307417149957,-0.41142387392295765,-0.7081975384492258,0.6658804508893219,0.20345079407346575,0.6765661276319829,0.5129101624555115,0.9397669011115976,0.6675539011363382,-0.03212115066376578,-1.031893614978449,0.5285718566634666,0.04330671373969493,0.7916645160390837,0.8244611981808563
97.07957372961204,0.09339483826413485,0.2051124583614864,-0.4145033673734415,-0.6663620263510374,0.6956394032033493,0.28566180157369025,0.6216360126636291,0.38322090162414685,0.8505937484735955,0.5896278348993916,-0.2088802235940302,-0.9519414934890276,0.4491878216771429,0.010709540700271587,0.9428498150790257,0.8179946730842305
97.07957372961204,0.09018765893202776,0.08159756713642191,-0.27698704048598166,-0.6576579479830117,0.624700091073535,0.2819746181225807,0.6668356147593633,0.45822952256653426,0.8548451664840133,0.718204593195436,-0.21156561442427152,-1.0032744178089377,0.5271574870362322,0.07533321367613317,0.9192771794035743,0.7965910588027126
97.07957372961204,0.08229794624528719,0.0979180931590418,-0.43537101162217917,-0.7884381244740802,0.5949570388936974,0.2609944784507585,0.5633353517988612,0.4876673987955929,0.7977616583985795,0.675464662897609,-0.20087359521913503,-1.0090429915428774,0.46745542886720615,0.02245749664983132,0.9265058624180837,0.7689971932852752
97.07957372961204,0.1351632550638625,0.06582600997319801,-0.3607698907585367,-0.7534239752507594,0.6004017776636417,0.2928471966994794,0.6269536126116747,0.506558263561425,0.8142022865458797,0.6809120989571441,-0.1499980976646141,-1.0260741178205486,0.5025663117135787,-0.03136622508538332,0.9334962448807205,0.8158570721039989
97.07957372961204,0.003960686162086599,0.23526186547909259,-0.34201309444384154,-0.6703621465970946,0.6307164766210368,0.2178546183834593,0.6930970460861606,0.5145525518068143,0.8502227716469134,0.6131100447072076,-0.11272929072656157,-1.0805695452611987,0.5398110499042563,0.04916343454648854,0.8577066615405876,0.8126193727440499
97.07957372961204,0.07634941495212905,0.0965744181047759,-0.35534289363516025,-0.6891494414893395,0.6122200693888908,0.27326396344288517,0.6251369828100526,0.5666763797245863,0.8497371685698833,0.6100197145102997,-0.23940901366743633,-0.9685588900072575,0.5030157296101149,0.09024312213969211,0.9019530705143852,0.7837719538874536
97.07957372961204,0.04781554979399438,0.10229146026534292,-0.38395111251497066,-0.7392944816104254,0.6678692057039736,0.18797272583368724,0.5832996997907047,0.48802705851994177,0.7447836581222574,0.5095624878858385,-0.20570091773825477,-0.9225907346368023,0.48450019515449994,-0.019019554620852405,0.9585322455293954,0.8721520524580788
97.07957372961204,0.011063346644469028,0.15097676624548936,-0.2967939927580119,-0.675954363416118,0.5728687227567123,0.31524885593551805,0.6257795170549972,0.5485313005176448,0.8486796137180437,0.6952456700931253,-0.25028441257665635,-0.9452227015885595,0.5294306553184107,0.058387515015593305,0.9386710476079043,0.8066001801556881
96.95647376087854,0.08400753134115231,0.0707363655700102,-0.2593622044301419,-0.7056785980018527,0.6735281405952509,0.2434521695118274,0.5632784221855177,0.48177475248341706,0.9116719709689955,0.5849925080505272,-0.1728751822323867,-1.0507156316849415,0.515073158253297,0.1176560356562952,0.954416980292106,0.8257493848544873
96.20527862334148,0.22840273475178044,-0.14197325446599654,0.20803054532282017,-0.11876603333383091,0.5776900822693843,0.2739556038364039,-0.2176015763730977,-0.09660595127537965,0.2789770792745595,0.5404816113256314,0.5328183938100356,0.741885475370761,-0.5552631820391272,-0.016174094645710277,0.23039984782369793,-0.5178662488523371
96.20527862334148,0.30469015843409747,-0.15378162137646156,0.1468977891745633,-0.1580143197960171,0.5951721296024117,0.2192745028729391,-0.19344951894243412,-0.07750565714871709,0.28018268116812417,0.5481577729998699,0.5199537668077764,0.7335843060240481,-0.5356780733102489,-0.005819997472746849,0.13821333745050973,-0.4951793238302896
96.20527862334148,0.28722165791713905,-0.09021324240898433,0.1822869634274868,-0.12689310931361952,0.6243691812950515,0.2525360800354173,-0.22669277615456235,-0.02666900906131551,0.3282128639317309,0.5692310276936026,0.5411776044989149,0.7373013053670676,-0.5452707659625604,-0.020937829094144364,0.15795078240417118,-0.46771023732446626
96.20527862334148,0.2259527608701695,0.01786894625367509,0.18254671869153147,-0.046303581988581234,0.5908307185730692,0.1939402559051057,-0.24881862844023106,0.0017265687920395498,0.3805006418617647,0.39160039205956815,0.4611348165943399,0.7679967316415608,-0.4680036627234065,0.01887492357731875,0.0988292877247528,-0.6088678091961089
94.97784492642751,-0.4127115458487909,0.8310906182444583,0.15817246979367175,0.2702368714597982,0.6898171123973403,-0.9632378940633254,0.11905271547987689,-0.022572608837614097,0.7235131431226799,0.7648837695323462,0.9279126480769291,0.012251771751838392,-0.03150030382561049,0.9309262686773747,0.17565014759611397,-0.09328467325334577
93.0211304455969,-0.8231496372785786,-0.1023404908173003,-0.9483162780077254,-0.22897237119100416,0.6457073729081537,0.5351169045998054,0.9611084855509529,0.3685202646500067,-0.6404788236453527,-0.9693198998161239,0.5519904902994021,-0.5398109076316283,-0.33886281972334686,-0.5135734424039385,0.2369447159693423,-0.3983935292920783
93.0211304455969,-0.8116590820180692,-0.08287578925196697,-0.9649795073480822,-0.2424541255652,0.6111761894834811,0.6108549108597414,0.9942357684221854,0.2761642545106292,-0.703483542112309,-1.035234874636966,0.5263265222578433,-0.536962762827941,-0.2998656981852925,-0.6740231592150544,0.11800793600750296,-0.4134559003518351
93.0211304455969,-0.7955690079944007,-0.1439087823840288,-0.9392965220378235,-0.29827234637333216,0.620252245914551,0.5370876266850152,0.9501911337647162,0.4072707623565366,-0.643340341904563,-0.9280573569779925,0.5639499908326543,-0.47779806318709467,-0.3151509519416399,-0.577615483757873,0.23995988720013373,-0.4293205164820595
93.0211304455969,-0.9122070046090918,-0.1136068210735438,-0.8702431974270185,-0.16497234801441527,0.611841632034769,0.5570039686593978,0.9297905121725314,0.3367060472086111,-0.6148691588334618,-1.0663984532098763,0.5764583047106215,-0.4480143206045143,-0.23569440027060845,-0.5849308935416121,0.20332693886699507,-0.4664538117734222
93.0211304455969,-0.8442822854405204,-0.09865115149685061,-0.9668110496585873,-0.2963837220770761,0.6858090022600267,0.5399294586847271,0.9531965946228299,0.3647474330811813,-0.669416350309199,-0.9998882592446123,0.5623576175961882,-0.49575426118040494,-0.30168910739273447,-0.5406416745497735,0.1757184455533882,-0.39372458386766607
93.0211304455969,-0.8652676091156918,-0.09936140787751645,-0.9175957788216863,-0.30723793805213323,0.6198416196650972,0.5037765653253115,0.9576547264908598,0.38031443260608694,-0.649512375768147,-0.9279710635895368,0.6266453316915735,-0.5418542472459091,-0.290520300836309,-0.5357218583184409,0.24904571494355968,-0.39989309951378876
93.0211304455969,-0.8987489007774714,-0.12879171233418904,-0.8612261027150326,-0.1410812393760198,0.6914343074712976,0.5370961119662219,0.9840338040310401,0.360904821997177,-0.5682896085241308,-1.004722682400004,0.6622267235360502,-0.4013033240828915,-0.3187934448564817,-0.5891901662352883,0.1943013713002764,-0.4702020755490287
93.0211304455969,-0.7948374494822059,-0.12388359896640622,-0.9267552299026395,-0.24706022934029256,0.7007612813634142,0.6430027354609509,1.0161893181598796,0.375688598648977,-0.6252200049422892,-1.0472208978546567,0.5401982236168639,-0.5109936376327718,-0.2860961753177099,-0.5571908548162355,0.2197476712181868,-0.44781732374539435
93.0211304455969,-0.8264294498112978,-0.12251889503701234,-0.9238320741460749,-0.11196146468414538,0.6996951859700618,0.5137118629584424,0.9002496771751541,0.39589125538854675,-0.6675433439158622,-0.9844187010109929,0.5764981381805717,-0.4327882768250524,-0.3191003781704227,-0.6141961094852317,0.23678238756719008,-0.4886553911838541
93.0211304455969,-0.8968350285129311,-0.16458264552471474,-0.928686327826387,-0.16787778506239612,0.6767183849744629,0.5988847876174778,0.9736912473864112,0.33882475809213997,-0.5509424749534114,-1.0638875371591348,0.5503622782384963,-0.4545273383196962,-0.33294995473308664,-0.4925058894959429,0.18617071090892354,-0.42513171355684704
93.0211304455969,-0.907017115759088,-0.1589026718904502,-0.8878284580196816,-0.19343725367227482,0.6669332879353796,0.6478267584368342,0.9736643734433605,0.4053518318455209,-0.5854720262900307,-1.011599673458522,0.5598297393622369,-0.4470368610049547,-0.3157318699168299,-0.5326417725068985,0.18975419994006473,-0.4139294977651499
93.0211304455969,-0.8371742346520242,-0.03472747280926378,-0.9581812534305981,-0.2438112986564527,0.6013557692035716,0.604432447077344,0.9244408489749875,0.43601791138409957,-0.6691557701880606,-1.0126526527827309,0.5218238974009252,-0.43503314615833233,-0.3848110669235215,-0.5571387290044356,0.16586810008256891,-0.4189812398564297
92.50469112186677,-0.47060179944749536,0.3985709444641346,-0.41172623174383044,-0.5703695895888373,0.8707849454513258,-0.3510322929069239,0.41373493630302866,0.663681898206967,-0.2801044110441046,-1.0808059331293571,-0.9841294121908803,-0.621390841712838,0.0758925207491041,-0.32117071276613834,0.24720913236510134,0.7894714970679411
92.03578566146605,0.25229655001964424,-0.01448026742584091,0.32204056107229573,-0.13541064295755584,0.6103387120777319,0.37605668778289997,-0.22165049527445735,-0.03592667265805561,0.3477176284817629,0.3836895930354801,0.47842826347599227,0.841879711863192,-0.49307917138215623,-0.07627515663572448,0.1784885210919957,-0.7028973502359898
92.03578566146605,0.26899470809778553,-0.09071507838716672,0.26082562563306577,-0.12464875323384941,0.5839766136812069,0.3562328845884946,-0.2225920540793332,-0.08413400119837544,0.3318639036774439,0.39092456554580085,0.4549187888464021,0.8096285926771727,-0.5093248566269005,-0.061586814153850714,0.17849015413710237,-0.7013893952564939
91.79258790302207,-0.8696451886245814,0.18193865706572604,0.03779658977026412,-0.4979208566460193,1.015527486982807,0.3926240804017933,0.4989132086867295,-0.3123325776831568,0.4404403646528607,0.7885895279331591,0.21079028722571863,-0.39232735804689967,-0.2045482499330311,0.37340815246557063,-0.732991432982213,0.6514029429270769
91.79258790302207,-0.8685195342792827,0.10643576669834527,0.03407779049684058,-0.42393031895564176,0.9550057354766223,0.4092608960734751,0.5468881963907559,-0.35587814256478917,0.4310792768044519,0.7794545016041518,0.2306060026028906,-0.41859391975087296,-0.07553114671435435,0.29527974602386176,-0.785200572703273,0.5670754443690824
91.79258790302207,-0.805909931414844,0.16479909828485015,0.04026376050228517,-0.45317091321861996,0.9322883089468297,0.42994016952111885,0.5266625575354817,-0.3149953269305018,0.4749853671404175,0.7620331193551372,0.23640408828231255,-0.4381757486342596,-0.14960200328936388,0.4125618646443275,-0.7884282092888378,0.661067319141099
91.71937404710553,0.7208043099365019,-0.6657238410152349,0.31488370898654205,-0.3759488829928257,0.9108110357467947,0.3548578715342818,0.49803297148852105,0.6803351824467985,-0.6264345750356384,0.5872553717584171,-0.9711657488734312,0.6494430035316751,-0.5518793889921294,0.3239029606656658,0.7524384967516627,-0.4887816503870691
91.00830545607165,0.18470083559501022,-0.06513205642561672,0.19670587527773786,0.07393555523863518,0.727087287737024,0.3233946753713853,-0.24022208441089687,-0.06510106683212397,0.45589787343167687,0.4645173089606912,0.3569694255786951,0.7327288782539485,-0.44124852269998055,-0.18208631547497564,0.14920933142316478,-0.7706801164059843
90.43339687074186,0.21980553634169225,-0.07984144922948096,0.22244124934359838,-0.05215653276272236,0.6045932189327647,0.27327177740890113,-0.2514488375942167,-0.04211370789454081,0.2779563202380475,0.4656364668763318,0.5157554753184671,0.7210943225585084,-0.577586852743662,-0.11627404284573034,0.19303680113792776,-0.5460540969832051
90.43339687074186,0.2097531646102863,-0.09438851264168957,0.24786303466151852,-0.1594468076808854,0.6122814091217427,0.2973185710103935,-0.26331136736056443,-0.05978233350942351,0.32621802660495747,0.3616030130641783,0.5484830829780674,0.8414034532394629,-0.49883483079930746,-0.0670167875897721,0.17589745368451198,-0.6891246548294196
90.43339687074186,0.23683050805321268,-0.0001818551777362093,0.18601171019682058,0.01069894718256624,0.5033247147571496,0.26052681138343275,-0.2500681197868644,0.042801390592504894,0.35827169450620777,0.3714965107596983,0.3849919955084685,0.7640494848237074,-0.554600080497184,0.010524880011895762,0.09313178532194771,-0.6281872563240736
90.42071180831367,-0.7672982878822069,-0.7450274219102925,-0.5132786781607351,-0.2902076147552256,0.8139071356114612,0.7384633083243347,0.31692928278715377,0.5754146750517868,0.6236858079763039,-0.16105729085393303,-0.44166744609257064,-0.5445405072387042,0.9454926169432813,0.5368771172512968,-0.27203623791375653,0.510552266851298
90.42071180831367,-0.7383475006063112,-0.7208954204353384,-0.4882064445719501,-0.3557183208700705,0.8487787851161123,0.6711626941542107,0.39351419530371406,0.5793853869110115,0.5712031242177996,-0.26268670491281515,-0.3918948628542623,-0.6082961337901273,0.9052200703663373,0.570516863683804,-0.29470553897762647,0.6023000022212966
90.22844458006746,-0.4509265924631303,0.8596808235208774,0.26100148005249657,0.27872679031655123,0.6463022977733714,-0.9203769523193059,0.10809810590354897,0.005267528203427435,0.6527168722355151,0.6870789939640812,0.8994097916324499,0.1554024516222052,-0.09046627326555538,0.8910610030162694,0.10349601367387769,-0.09141916510444908
89.95970570418702,-0.6705797810284908,-0.6440004647260305,-0.539619961070526,-0.2951620508836642,0.8563641247994105,0.7537103628039143,0.3525424132758094,0.5317545890296443,0.5891197620954922,-0.15841467019110705,-0.38456505850163486,-0.6038246692053437,0.8684622972370217,0.592029857866263,-0.25109177120048165,0.611084138849974
89.95970570418702,-0.6193855075576457,-0.6412181786904665,-0.5495684552776441,-0.30821716654264064,0.8329593269900116,0.6787225547585377,0.32644217116230106,0.6018819191489444,0.5931546909925478,-0.20152304425011586,-0.3536690431190357,-0.5818700542021578,0.9009157316585987,0.5761962703072164,-0.2904335990080931,0.5631649012623517
89.92260753844538,-0.9338631299421971,-0.050379514520629,-0.937979350782264,-0.28656477698200367,0.6475821607308877,0.4787725768986415,0.8788215514305153,0.3102220616715654,-0.4950791315772744,-0.9975849023896302,0.6212454964502414,-0.5756907314692906,-0.25319250338880084,-0.5613244405820228,0.21801731761657378,-0.39320740179609365
89.92260753844538,-1.033860093186152,0.06758517694414702,-0.8941412022078045,-0.21471931672388306,0.6277780651848832,0.5132614592010234,0.9114893083738793,0.2631328273280411,-0.5964992570573601,-0.975873457453725,0.48752543764504036,-0.4515875107659513,-0.24803833910780224,-0.6540249868699718,0.2130447659295828,-0.4780884238253048
89.92260753844538,-0.9026965672020806,-0.04743714692546196,-0.926337003415025,-0.33333889103642317,0.6746547721745463,0.44264193533771923,0.9587488604266049,0.3473249844299421,-0.5870582141435114,-0.9655090379156078,0.5383219403560118,-0.574591318985509,-0.33943434424889674,-0.5546592230090529,0.25440788142559684,-0.34429504357123714
89.92260753844538,-1.0096084003172312,-0.027138805228325687,-0.952737889257422,-0.23015250234540743,0.6199998939349688,0.49821130397026653,0.9888313301811991,0.2673760932789913,-0.6006363963864253,-0.9407334046717741,0.4876239229698167,-0.45753131665660074,-0.24366555738909232,-0.7349224372947032,0.11681824521881748,-0.4700110736214337
89.92260753844538,-0.9790805960473633,0.05817396026560104,-0.9372046276333795,-0.25619645562543975,0.7908786943886078,0.5365368717225151,0.9912368048956715,0.3714336535615594,-0.7271704570013081,-0.9148186126586598,0.5663979134271866,-0.6043203177730451,-0.2197243970997645,-0.5871904789348708,0.22567653028446444,-0.45753814928585845
89.4449513294517,-0.46136001233231166,0.7958310287913265,0.23235418480433184,0.29338426648838617,0.6762646447024502,-0.9710589199150285,0.14398079605504388,0.07667773124535818,0.6417759995122118,0.6592282563935966,0.8378341198185915,0.06414417192809511,-0.06592107275040446,0.9715046642851791,0.17502396785304097,-0.11663353533554405
89.11432087181772,0.0003599284538747319,0.18022113782531074,-0.32420676764957534,-0.7443123297167064,0.7368805760249998,0.22777533106550518,0.7124985694118842,0.5334250734520909,0.8674283399782688,0.6671121866106565,-0.0807413032056173,-1.0077008021828309,0.534148721114325,0.007081693602136105,0.9135121441158164,0.7933373052314282
87.44538619508641,-0.875754297899271,0.16426255684279506,-0.03691449988184211,-0.4970753411342682,1.0068512639975757,0.40094481468883925,0.5101147636173915,-0.3281642343946678,0.4658574008982237,0.7900201054738438,0.20141777502834438,-0.36485539235193043,-0.14759966032762084,0.3781037860784162,-0.786724659206562,0.6187457020289822
86.98088031171051,-0.8153090617614178,-0.0292047182001771,-0.9788336251741172,-0.13740501161765428,0.693488339300694,0.5557475554392911,0.9427440299134028,0.367987394778743,-0.6651553089286962,-1.087572744936175,0.5112563200622119,-0.49164917518827317,-0.35673686087310985,-0.6191573589774346,0.19384216224939302,-0.3537582941513318
86.32246511282983,-0.8758663396886103,0.4157888108549493,-0.5146417031940967,-0.5178755553307484,0.6176648947666564,0.4095299967061594,0.42396732118135794,0.36097011215645336,-0.03492100148841401,0.5511561878208364,-0.708771133442095,-0.7525451577984444,-0.9272535335432168,-0.8215794166575558,0.001349593594459804,-0.8295142294513442
85.41581073111756,-1.0460442052005838,0.08281658510108149,-0.9067149777405167,-0.2402013223505305,0.5778762065005527,0.541726147075213,0.91162930391936,0.2399059060652224,-0.48365099192247,-1.0625866877844727,0.4595839287931367,-0.47242320976049806,-0.2594526136355583,-0.6417652478431912,0.22402558148030421,-0.4438105421789493
85.08813675759781,-0.49594951861869113,0.848847489663637,0.16271353701013605,0.18406487685861095,0.7270174063977306,-1.0043799256061732,0.15179759914216412,0.003653162610304954,0.7086086076440007,0.7842134102126043,0.8756680745057199,0.07813169245190671,-0.10535142679041548,0.8652390161089247,0.1870016995981998,-0.10622108993117851
84.81954807365481,-0.8786568265922964,0.3161983493131434,-0.5243644413667111,-0.4400378407018227,0.6435737512132297,0.39632360189858473,0.3252410123793866,0.4326483987302456,-0.17646708386940296,0.7186695296735909,-0.7376109284189976,-0.7817408490034162,-1.0184156965264686,-0.9351433394216712,-0.006750152975199795,-0.7900829701382018
79.4968427599959,-0.6882263693314914,-0.7643980319043636,-0.48552027718036656,-0.2651651367156271,0.8022042414493413,0.689244699961616,0.28720167956203313,0.5371333807586156,0.5965186692818701,-0.1391325251505559,-0.40843296367990156,-0.580601670329041,0.9126866905311108,0.582956059749144,-0.30835155819996185,0.5040205069358112
79.4968427599959,-0.6299417149028497,-0.7936643834122077,-0.4877729053058677,-0.30937718009024506,0.9461379897306811,0.8132869528781118,0.4209707901584669,0.5895058829676736,0.6344159571078869,-0.09211340875988697,-0.40269707661099546,-0.5130223008688896,0.8380133969418934,0.46677019304559153,-0.3958369184652672,0.5900369035365625
79.4968427599959,-0.5980220311705541,-0.7744187921699783,-0.5088700438298586,-0.2441720431208028,0.904723589766559,0.7719663560064822,0.38757778989630787,0.5951179901691795,0.6135244357779026,-0.17210232801113845,-0.39813714992559246,-0.5576341074150492,0.8183702803183306,0.4598640442706849,-0.3464813866456893,0.5186702952376121
79.4968427599959,-0.5751789897092916,-0.7013924071239482,-0.5314365191729005,-0.2809678538555363,0.9396823148406186,0.7726857688976713,0.34971663676216386,0.609768370167161,0.6233115934273754,-0.12016421985204687,-0.3627594724950013,-0.5290831753585387,0.8472991942362266,0.4497547025317883,-0.36043669751154095,0.532168572591779
79.4968427599959,-0.5777024850997994,-0.7136214849480073,-0.3375640790736465,-0.24946504881818893,0.8270906786050731,0.7847226289153948,0.37250868384981856,0.6527269317872092,0.571788047562216,-0.23021159608020356,-0.5352912565960595,-0.6923009357719617,0.8855806643451277,0.5093533200774691,-0.3806011218988862,0.6293728682507744
79.4968427599959,-0.7045873417817645,-0.8332390881033218,-0.507413624925575,-0.2944676256319485,0.9400263110923546,0.8806162638426349,0.40333280941336563,0.6206236691126631,0.6397853500769103,-0.13797828479940172,-0.4431127786369914,-0.529212015205238,0.9236843725948388,0.5305000611019219,-0.4932222537132664,0.4986412336383081
79.4968427599959,-0.7308054546453805,-0.835187095482778,-0.5091415302634881,-0.30130011450456895,0.9316498337243077,0.8572528322418964,0.31661022636462266,0.6120817235473581,0.6518013224776181,-0.16064721922365627,-0.3717354026369169,-0.5339440309848568,0.8921490654493989,0.5700168304958333,-0.49166489702303906,0.46901951757349497
79.4968427599959,-0.6893904950964476,-0.7274622336720067,-0.47681384203921806,-0.19939695940405067,0.8601736763467913,0.6950991515846363,0.4812791106071671,0.5296692760412237,0.6487648724267625,-0.13644230793679202,-0.3672473566285463,-0.5329977340296015,0.8845277217607255,0.580135633186924,-0.39949017997828,0.5416955999567309
79.15682173516707,-0.5884108907293617,-0.6591840215857909,-0.4535543335185529,-0.26327588834800236,0.9588763314247631,0.8729489590901653,0.3533297281705025,0.49646914045613827,0.7005314066111052,-0.17777780815148245,-0.3547695957452145,-0.6192352051987111,0.9218954891828264,0.5268356151231885,-0.3668637840421522,0.6157517105297852
79.15682173516707,-0.6344423271765123,-0.7234847646061308,-0.47553342384358854,-0.28233908865528873,0.9274914472554513,0.7771678425573249,0.30798374035155796,0.5128752367731564,0.6729075035729327,-0.1218918628117764,-0.39173718896536086,-0.6150465922919213,0.9237751857195742,0.5815122956458716,-0.42942102091468964,0.5662617059681947
79.0915315316476,-0.7529817004386049,-0.7296681934388927,-0.4944597839259705,-0.3002289834121662,0.8384804675230931,0.7607568547090604,0.34288297487952285,0.5831511625880687,0.5417604622469712,-0.179174350441968,-0.4054178221800012,-0.5823624103105366,0.9464803057951316,0.5104299560359931,-0.2161367010922102,0.602067595347171
77.49300576772566,-0.42418109773713736,0.807460725500497,0.21969709177612218,0.22092354121672814,0.7318688509563084,-1.0199970166267822,0.14705211236692928,-0.031659855652025254,0.7436360608065028,0.7223635048916799,0.9154678503332732,0.038727578673483525,-0.0389912634606508,0.950430051671257,0.10857122664821475,-0.13119742481692992
73.44716779604602,-0.5825518639609812,0.5037036105935769,-0.35096846531018355,-0.5280919854013096,0.898887495215769,-0.3086933780870965,0.38034827089464973,0.6385018283619532,-0.16888465276729206,-0.9395846776185436,-0.9159035628420669,-0.5062650921859265,-0.054796645012233317,-0.38549968630762643,0.219308234294989,0.8564074017171742
73.44716779604602,-0.4644831398352622,0.42163903638207983,-0.4091745135886118,-0.4334372193240107,0.9364758289535773,-0.333735933741303,0.29889156807698647,0.6254757395179087,-0.26996605620329356,-0.967674689667927,-0.8817245154526954,-0.5179720545160043,-0.026713494206643443,-0.2581301888202473,0.2765602357237726,0.7794356555753269
72.86883913589298,0.09360464551910846,0.253772803229234,-0.28078428178882403,-0.6417418735247892,0.603597902227015,0.34514185936486924,0.7012541022423556,0.4528320853837214,0.8331619594975972,0.6573131717211842,-0.14613729426702354,-0.9413288816200437,0.5796486542266528,0.06320863481006783,0.9304006971595666,0.7898796349242039
72.05952130117167,0.4763342294548973,0.17885857908078567,0.0702583826620149,-1.0211940929684167,0.49202196817919297,0.4478239035105349,0.4327193302555739,0.7969085956977975,-0.5827288345498068,0.9067273934248068,0.730121249279791,0.5513946452153176,-0.6430664039962863,-0.30457390645637994,0.057154165302685835,-0.9406452176095896
71.50972170977386,-0.5215392019965853,0.38265149233979945,-0.3540191654244559,-0.5087449806634489,0.886571716559128,-0.30998347774325047,0.3651383124567217,0.6107596861182641,-0.21173003329954593,-0.9024883233534323,-0.9049828827531761,-0.5753790719907522,-0.01837967160523983,-0.24036228577092103,0.2843436149330108,0.7923266946656672
69.87416623268189,0.7637626633387152,-0.5313609240178642,0.5414271290200867,-0.3136332616714219,0.9907039855079176,0.44521439520837525,0.5157119267800511,0.7724230801221245,-0.585712819310203,0.6759865594634661,-0.895024721658677,0.665710301167973,-0.6124355806182143,0.3087859147353558,0.7626658914914409,-0.5599183083913597
67.7994528382557,0.7283464844500918,-0.5565693266773535,0.48264935170365847,-0.41280392131795496,0.8889121028594992,0.34429708482875643,0.5961169059716555,0.7302689813906333,-0.5428914035959598,0.6979557690507187,-1.0382743819597526,0.4954385964800358,-0.5856593321045638,0.3074324297671881,0.7744587201798541,-0.55514344099044
67.7994528382557,0.7831268902168724,-0.5410082645742388,0.369775260367591,-0.3181815707157088,1.01586431709118,0.29518253329639826,0.5624354080990578,0.696270804638889,-0.5918148348652351,0.6333099629473941,-0.9585730911391608,0.5333101763096915,-0.5786108344175158,0.2694388783943594,0.7360253269844077,-0.4774647919736287
62.95287156178755,-0.7333663988398771,-0.7186046723135984,-0.47226383286822626,-0.16370208405232778,0.9280931247482616,0.6925398282409699,0.461657671659481,0.5612564858801627,0.5841471513216419,-0.05659280692665149,-0.3177031625023453,-0.5339192555889851,0.9125168372749993,0.6395743674577488,-0.4311233930843372,0.5957013259355803
62.641002400917614,0.08445472397757953,-0.007063333332378574,0.3378725655733408,0.06557730277717091,0.6817163414207655,0.21531166316239891,-0.36572823686832673,-0.07729403793315409,0.3840964196500536,0.35347652485862846,0.5199292769643545,0.7346469927757365,-0.43026332426786296,-0.05966790588978927,0.19622544986158985,-0.5852831536076916
58.49324088083716,-0.675213786133353,-0.5444493907038234,0.07270259148851313,0.29362949764626095,0.25789964861796266,0.7101971486236738,-0.07772317053296711,0.15012075716286463,-0.7191307352885639,-0.48852288742440586,0.41585499544116283,-0.7440422504196994,-0.0829420156686868,0.7009535078778241,-0.07099724248498045,0.18919519445833505
58.20514450413008,0.5169291956996678,-0.026938156278192252,-0.42927546368489894,-0.6327497896462558,0.37519916604511916,0.8791753170332456,0.7290831399010294,-0.10382720880303956,0.7548913294151396,-0.4494056026581911,-0.12162637725832204,-0.7487929723295776,0.5941614715639806,-0.9124096753858942,0.6980772830021339,-0.32478188762373394
55.059038689373345,-0.6038527599999368,-0.3592933040780979,0.8838356690536144,0.4672822107469914,0.8090187763398593,0.9735022575633464,-0.4231440949863151,-0.4891373808472555,0.25287080108225446,0.5311467594908627,0.4297269464215164,-0.38567567534246705,-0.9188075527442107,0.6125167207821743,0.7520561739282496,0.1938947056848081
54.98811177592166,0.5226200939699702,0.006173061769962129,-0.4355452358863879,-0.6820376992690329,0.40113421362610374,0.8143814984886046,0.6686612263324292,-0.03763174758678245,0.7783098142085091,-0.40826309758087265,-0.10446457264177163,-0.7831660887118921,0.6006931775907062,-0.9363074009951462,0.6464457294864516,-0.2941404698513093
52.899035966895894,0.04930941918652694,-0.8040534238266395,0.8074576256146814,-0.10166429665005108,-0.4825722202721792,-0.09744737285097109,0.04983115264164875,0.9267892337512633,0.9161412262972022,0.7325754381398913,-0.3643944210165759,0.1191125675541213,-0.5252183401275824,0.4481175164882888,0.5667291228516532,-0.0501213166266959
52.899035966895894,0.09541942414782432,-0.8646241933672976,0.8034591562141752,-0.0264817657796595,-0.4252859662781289,-0.14980998837393544,0.07824344600926032,1.0203982036546497,0.8577095568371763,0.6803321158193817,-0.3625955495836864,0.14866914181753976,-0.508786954290243,0.5298308740896667,0.6495549294622389,-0.055184253224305035
51.33304349644414,-0.8487765904215778,-0.1417665047424172,-0.9733878295281657,-0.21000225321228455,0.6210852130160335,0.5307564447479806,1.0063975697545549,0.3125353083661504,-0.7164548645861417,-1.049198878355347,0.5584596506460854,-0.5363461403543511,-0.34656331750913916,-0.6495809182026936,0.200580204714374,-0.3547801753785697
51.33304349644414,-0.8849381551467959,-0.10895107768007889,-0.9882062296853135,-0.26670232155496487,0.6033780203203428,0.43548762137570185,0.9139555020479582,0.30486430790022023,-0.5722047230658261,-1.0059309239653573,0.5558997043365284,-0.5995421494670439,-0.3448332340691626,-0.5211874180029342,0.27556687294416227,-0.41624252687317204
51.10232539785574,0.5386280510841012,0.18106474544723175,0.003440024378902184,-0.8360465672067329,0.3759631640245482,0.5191402633639558,0.4206821940764491,0.796528832963467,-0.6232361038675023,0.8810850854385557,0.6896697639427618,0.5828661446756496,-0.5617321226705579,-0.32503950201236,0.043489223211998496,-0.9821982377671084
51.10232539785574,0.5213161109989018,0.1845667766098367,0.018458249361015776,-0.8645170045586541,0.4322300342427479,0.46469520707553946,0.4543098659376486,0.8528503102126148,-0.5968060466831262,0.8583021776725996,0.7859167295118419,0.495301026345747,-0.5598879284620504,-0.3450996686687866,0.08533338074387731,-1.0376023614084495
50.01737038148983,-0.5350616160448278,0.5042042805069384,0.7084190517598536,-0.2690442297172748,-0.8756397901383146,0.6526038511155274,0.9419719952875659,0.44207374417666545,-1.0035045041571,0.9162794875690782,0.3905708699064171,0.9200834194914275,0.593491720753174,-0.9077438844955077,0.8236802806731024,-0.5012171851831941
49.278110709772285,-0.4260772689679371,-0.9445767632385292,-0.8746426588179558,0.7853844232717527,0.6594272628513597,0.06252999692692873,0.04432577910284003,-0.8340569933736329,-0.7436127894892426,0.47939753826906667,0.07343246000768619,-0.027518005762218432,0.9153254801560204,-0.023732830626163944,0.688270077210911,-0.09098805037956764
49.278110709772285,-0.39449611744475843,-0.895361200842754,-0.8395340441335472,0.7472813714804171,0.6942965711479225,0.04924122154655054,0.13078305590991668,-0.8028323005361989,-0.726190027972238,0.537277649972718,0.018555642209948306,-0.02810263195957735,0.8990225408875204,-0.05482572439275309,0.7112111232747912,-0.09749005360830174
47.304097371180696,-0.9378408067633773,-0.8867107840654014,0.9090113017215005,0.2962819119272856,-0.3621328288647393,-0.6727504873372878,-0.4624533705250472,-0.018351547246244545,0.20062294315720383,0.17335134445689282,-0.054733577977282274,-0.38411222318084276,0.9101513760008964,0.9589116819440272,-0.37414505725228464,0.49523422995773797
47.13241173469324,0.7766291307318556,-0.5482758310934324,0.3904397070233637,-0.32485858572361054,0.9432482805670921,0.2691502108280596,0.5699090143052974,0.6876199668282241,-0.7792436152164521,0.6725526738816112,-1.0830473781007603,0.5828670664151961,-0.5369154925873375,0.342308662819932,0.8986238040318504,-0.5000484230458833
42.25729268879014,-0.8707794992825522,-0.030785457175604918,0.7636621721397174,0.24349464625879838,0.15064098352875438,0.8461801776483571,1.035339624085004,-0.5340591362435912,0.7689241538409289,0.09580717570096933,-0.5421125321839549,1.024783383325183,0.22154329646051402,0.13488222347848533,0.6862664942375281,0.712760650539568
40.93079010297092,0.1688735198306366,-0.011833594211930587,0.30956692615362214,-0.03613662013697079,0.6366224586517748,0.17017507598663578,-0.2747955639378992,-0.03164489948243675,0.4096799991770071,0.33775399940522655,0.524126007144922,0.7500050931191269,-0.4226189832482824,-0.08967233679525549,0.10357153721371773,-0.5250975773832322
40.93079010297092,0.15728239938830407,-0.010978078530157628,0.329141257480935,-0.08476796788388744,0.6560589926150371,0.2162452438794248,-0.3542123386619956,-0.010526426656705265,0.3806242049278285,0.41225097952331147,0.5408779622770731,0.7932339036136625,-0.44591077684591696,-0.03341098956487005,0.09648644272726149,-0.5375123932236691
40.30942537085469,-1.0393632436285059,-0.9235981248771575,0.8854996172852031,0.24248559057687089,-0.33201996484666896,-0.667312096345794,-0.46803228631442834,-0.015498381810390607,0.0576594172439341,0.07934233498582532,-0.13205304545430085,-0.39585275036843937,0.9511338327200056,0.8295045660877867,-0.4581242240539552,0.48615057403531825
39.73646143690093,0.21130626350258716,-0.13910344669689848,0.26420221217498707,-0.12524921646468584,0.6040286106944086,0.12993527880034014,-0.3405132072974019,-0.03632730995377958,0.36138842570716584,0.4768605791185658,0.5668232181482237,0.7528025700804393,-0.5981645386913585,-0.04315077655375254,0.20715354954597834,-0.5647368088691228
39.02618092831476,-0.6899748271934578,-0.7466868109053373,-0.44987842163069797,-0.17038068418401808,0.8902323974232339,0.7420806608765907,0.4427553350070912,0.5000232721352785,0.5489249584729408,-0.04722866424395547,-0.3506344521827563,-0.5225154973103708,0.9516691568319052,0.6333995100150868,-0.3431698076422868,0.6651188658358442
37.96518363607338,-0.3228655554929591,-0.8893236136676558,-0.909025322951363,0.6515149828583189,0.6557229172013983,0.09730351899960539,-0.016745538881772194,-0.6882270825324297,-0.6944107762096516,0.341882274922494,0.2284804802387782,-0.05633073275278416,0.8463476327400747,-0.060056449333034154,0.7387760187442809,-0.14108719667925362
35.547949787859494,-0.626377529388884,-0.3825367309613725,0.935744580214629,0.37901333772228196,0.8518166808482247,0.9632146742123894,-0.5098405777810568,-0.5096138170216346,0.294013331050614,0.5903322759437127,0.3555679968878253,-0.36278461312952665,-1.0172992027260759,0.6651361404867762,0.7757894818272855,0.17696163749698185
26.318213614183637,0.14461257190728982,0.029632611077868812,0.27045943487238855,-0.01218358847766414,0.6525411691600314,0.2357968336103103,-0.3636451209566951,-0.10162535454643294,0.37149061890030655,0.34418333136675994,0.5267013236309929,0.6757213310227731,-0.43335833629872234,-0.0893720082768393,0.20774661901088418,-0.5714593145986709
25.72887566735202,-0.3764766210678236,-0.8439132639428322,-0.9134122554226795,0.7177157263129993,0.6045437294267307,0.12431307705545291,0.07534501992529417,-0.7171777367363892,-0.635008476881824,0.352845842224693,0.24718445645151305,-0.06107613085823826,0.8339256507127571,-0.02561984386576405,0.7704587723434331,-0.13490621334836347
24.966088287920552,0.6373541389811964,-0.09094269308042868,-0.4101067571973128,-0.6295416196825303,0.411754902295953,0.8264939407003699,0.6063839478869245,-0.11416286718098859,0.7086246693010074,-0.5501439036741305,-0.14974551955438026,-0.7334119152635092,0.40669541403759907,-0.9882865739189549,0.6263340096824502,-0.2570829905928321
24.966088287920552,0.5022637774909819,-0.09625617852935542,-0.4307847617998337,-0.7029526092961755,0.39525276502995327,0.8557045204841328,0.6027668432840829,-0.20825814267194348,0.7497263575335439,-0.39501261337506555,-0.1693741814443777,-0.8307402783872059,0.6147819790852789,-0.9778230808741378,0.6368619444961652,-0.32674272439888763
21.994629770885187,-0.5206751838102739,0.7957314342661639,0.127343753956184,0.2308984518665525,0.6620263870760569,-1.0066217685567478,0.1802172183551265,-0.011628090843873763,0.716364184832501,0.741785370715801,0.9597594547786652,0.034004245537638346,-0.009592567030923947,0.9053172638485386,0.14512313338640917,-0.09937659659680174
