timestamp,open,high,low,close,volume,bollinger_buy_5_10,bollinger_sell_5_10,bollinger_buy_10_50,bollinger_sell_10_50,bollinger_buy_20_50,bollinger_sell_20_50,bollinger_buy_50_100,bollinger_sell_50_100,adx_buy_10,adx_sell_10,adx_buy_30,adx_sell_30,adx_buy_50,adx_sell_50
2021-05-08,4453.72,5058.37,4432.1,4993.78,213.08640169,-1,-1,-1,-1,-1,-1,-1,-1,-1,-1,-1,-1,-1,-1
2021-05-09,4998.08,5109.3,4788.25,5026.94,176.62058933,-1,-1,-1,-1,-1,-1,-1,-1,-1,-1,-1,-1,-1,-1
2021-05-10,5027.4,5349.83,4224.0,5065.55,303.88822706,-1,-1,-1,-1,-1,-1,-1,-1,-1,-1,-1,-1,-1,-1
2021-05-11,5072.84,5350.14,4860.94,5350.14,422.09126256,-1,-1,-1,-1,-1,-1,-1,-1,-1,-1,-1,-1,-1,-1
2021-05-12,5346.23,5623.37,4888.82,4949.5,436.8256942,-1,-1,-1,-1,-1,-1,-1,-1,-1,-1,-1,-1,-1,-1
2021-05-13,4949.5,5275.35,4587.71,4839.13,514.52888713,-1,-1,-1,-1,-1,-1,-1,-1,-1,-1,-1,-1,-1,-1
2021-05-14,4828.54,5398.35,4828.54,5282.08,161.67687497,-1,-1,-1,-1,-1,-1,-1,-1,-1,-1,-1,-1,-1,-1
2021-05-15,5243.22,5335.89,4706.51,4728.21,84.57002916,-1,-1,-1,-1,-1,-1,-1,-1,-1,-1,-1,-1,-1,-1
2021-05-16,4701.0,5024.4,4329.0,4638.71,306.09732336,-1,-1,-1,-1,-1,-1,-1,-1,-1,-1,-1,-1,-1,-1
2021-05-17,4631.89,4631.89,4030.01,4232.77,373.05968337,1,-1,-1,-1,-1,-1,-1,-1,-1,-1,-1,-1,-1,-1
2021-05-18,4206.0,4578.32,4193.78,4313.16,242.304501,1,-1,-1,-1,-1,-1,-1,-1,-1,-1,-1,-1,-1,-1
2021-05-19,4346.0,4429.78,2500.0,3188.48,1053.26195803,1,-1,-1,-1,-1,-1,-1,-1,-1,-1,-1,-1,-1,-1
2021-05-20,3201.0,3865.86,2842.54,3604.25,602.53090399,1,-1,-1,-1,-1,-1,-1,-1,-1,-1,-1,-1,-1,-1
2021-05-21,3628.85,3798.04,2718.77,3166.35,804.72579049,1,-1,-1,-1,-1,-1,-1,-1,-1,-1,-1,-1,-1,-1
2021-05-22,3166.35,3231.46,2800.02,2978.44,408.32228239,1,-1,-1,-1,-1,-1,-1,-1,-1,-1,-1,-1,-1,-1
2021-05-23,2941.35,3080.56,2284.68,2700.48,892.7810915,1,-1,-1,-1,-1,-1,-1,-1,-1,-1,-1,-1,-1,-1
2021-05-24,2828.07,3456.25,2714.61,3407.88,336.81124539,1,-1,-1,-1,-1,-1,-1,-1,-1,-1,-1,-1,-1,-1
2021-05-25,3425.78,3574.83,3079.08,3457.11,241.62113231,1,-1,-1,-1,-1,-1,-1,-1,-1,-1,-1,-1,-1,-1
2021-05-26,3480.0,3753.56,3445.0,3732.24,234.10837291,1,-1,-1,-1,-1,-1,-1,-1,-1,-1,-1,-1,-1,-1
2021-05-27,3688.82,3707.69,3408.0,3550.34,110.07843269,1,-1,-1,-1,-1,-1,-1,-1,-1,1,-1,-1,-1,-1
2021-05-28,3574.89,3577.06,3038.22,3154.94,184.48311364,-1,1,-1,-1,-1,-1,-1,-1,-1,-1,-1,-1,-1,-1
2021-05-29,3146.41,3319.71,2885.0,2988.02,119.51272206,-1,1,-1,-1,-1,-1,-1,-1,-1,-1,-1,-1,-1,-1
2021-05-30,2917.99,3222.0,2850.0,3116.85,58.45192508,-1,1,-1,-1,-1,-1,-1,-1,-1,-1,-1,-1,-1,-1
2021-05-31,3115.95,3532.71,2969.64,3498.48,65.12812835,-1,1,-1,-1,-1,-1,-1,-1,-1,-1,-1,-1,-1,-1
2021-06-01,3527.9,3548.06,3300.0,3402.53,80.71207338,1,-1,-1,-1,-1,-1,-1,-1,-1,-1,-1,-1,-1,-1
2021-06-02,3400.3,3610.05,3330.44,3525.73,69.47037121,1,-1,-1,-1,-1,-1,-1,-1,-1,-1,-1,-1,-1,-1
2021-06-03,3521.96,3751.42,3467.19,3751.42,53.3269562,-1,1,-1,-1,-1,-1,-1,-1,-1,-1,-1,-1,-1,-1
2021-06-04,3700.0,3700.0,3350.0,3496.68,132.51493598,-1,1,-1,-1,-1,-1,-1,-1,-1,-1,-1,-1,-1,-1
2021-06-05,3504.91,3644.54,3317.53,3361.84,51.9111109,-1,1,-1,-1,-1,-1,-1,-1,-1,-1,-1,-1,-1,-1
2021-06-06,3396.49,3547.52,3396.48,3506.85,145.87184991,-1,1,-1,-1,-1,-1,-1,-1,-1,-1,-1,-1,-1,-1
2021-06-07,3528.64,3661.63,3320.01,3357.98,79.70323201,-1,1,-1,-1,-1,-1,-1,-1,-1,-1,-1,-1,-1,-1
2021-06-08,3356.86,3378.88,3002.99,3263.96,128.57657501,1,-1,-1,-1,-1,-1,-1,-1,-1,-1,-1,-1,-1,-1
2021-06-09,3270.81,3400.0,3122.96,3366.29,86.45932359,1,-1,-1,-1,-1,-1,-1,-1,-1,-1,-1,-1,-1,-1
2021-06-10,3377.6,3403.11,3141.84,3203.6,35.97350764,1,-1,-1,-1,-1,-1,-1,-1,-1,-1,-1,-1,-1,-1
2021-06-11,3175.82,3209.54,3029.37,3052.52,49.91091909,1,-1,-1,-1,-1,-1,-1,-1,-1,-1,-1,-1,-1,-1
2021-06-12,3038.0,3174.62,2949.61,3074.55,47.57586575,1,-1,-1,-1,-1,-1,-1,-1,-1,-1,-1,-1,-1,-1
2021-06-13,3076.05,3315.2,3005.25,3251.21,56.12214044,1,-1,-1,-1,-1,-1,-1,-1,-1,-1,-1,-1,-1,-1
2021-06-14,3265.47,3344.16,3207.26,3342.22,47.44988465,1,-1,-1,-1,-1,-1,-1,-1,-1,-1,-1,-1,-1,-1
2021-06-15,3357.05,3430.9,3281.8,3316.78,28.3880348,1,-1,-1,-1,-1,-1,-1,-1,-1,-1,-1,-1,-1,-1
2021-06-16,3295.0,3296.29,3094.26,3094.26,62.85700482,1,-1,-1,-1,-1,-1,-1,-1,-1,-1,-1,-1,-1,-1
2021-06-17,3093.75,3224.32,3050.0,3123.96,194.80332672,-1,1,-1,-1,-1,-1,-1,-1,-1,-1,-1,-1,-1,-1
2021-06-18,3134.27,3135.82,2879.12,2988.32,70.09885409,1,-1,-1,-1,-1,-1,-1,-1,-1,-1,-1,-1,-1,-1
2021-06-19,3009.21,3021.74,2910.29,2920.44,19.46432678,1,-1,-1,-1,-1,-1,-1,-1,-1,-1,-1,-1,-1,-1
2021-06-20,2914.09,3049.78,2763.17,3001.97,87.09955682,1,-1,-1,-1,-1,-1,-1,-1,-1,-1,-1,-1,-1,-1
2021-06-21,2982.4,2982.4,2494.99,2508.93,606.36937266,1,-1,-1,-1,-1,-1,-1,-1,-1,-1,-1,-1,-1,-1
2021-06-22,2514.09,2661.56,2277.88,2465.33,302.9364607,1,-1,-1,-1,-1,-1,-1,-1,-1,-1,-1,-1,-1,-1
2021-06-23,2479.29,2709.86,2468.49,2610.69,52.46006229,1,-1,-1,-1,-1,-1,-1,-1,-1,-1,-1,-1,-1,-1
2021-06-24,2603.88,2681.31,2500.0,2635.89,43.54358344,1,-1,-1,-1,-1,-1,-1,-1,-1,-1,-1,-1,-1,-1
2021-06-25,2640.95,2656.99,2373.34,2393.02,92.42410311,1,-1,-1,-1,-1,-1,-1,-1,-1,-1,-1,-1,-1,-1
2021-06-26,2393.0,2440.03,2275.91,2365.84,38.41258655,1,-1,1,-1,1,-1,-1,-1,-1,-1,-1,-1,-1,-1
2021-06-27,2413.85,2602.26,2393.15,2596.6,35.98337429,1,-1,1,-1,1,-1,-1,-1,-1,-1,-1,-1,-1,-1
2021-06-28,2601.28,2829.45,2595.08,2750.6,19.66456536,1,-1,1,-1,1,-1,-1,-1,-1,-1,-1,-1,-1,-1
2021-06-29,2780.52,2974.16,2770.48,2903.0,67.85575238,1,-1,1,-1,1,-1,-1,-1,-1,-1,-1,-1,-1,-1
2021-06-30,2905.58,3034.76,2773.83,3034.76,193.61334465,-1,1,1,-1,1,-1,-1,-1,-1,-1,-1,-1,-1,-1
2021-07-01,3025.65,3025.65,2773.04,2840.11,46.15758181,-1,1,1,-1,1,-1,-1,-1,-1,-1,-1,-1,-1,-1
2021-07-02,2823.81,2866.55,2708.4,2858.0,86.90930857,-1,1,1,-1,1,-1,-1,-1,-1,-1,-1,-1,-1,-1
2021-07-03,2847.66,2965.0,2825.29,2920.0,17.78977901,-1,1,1,-1,1,-1,-1,-1,-1,-1,-1,-1,-1,-1
2021-07-04,2949.43,3164.0,2916.92,3084.67,69.13207629,-1,1,1,-1,1,-1,-1,-1,-1,-1,-1,-1,-1,-1
2021-07-05,3068.1,3087.45,2880.93,2924.38,60.53056053,-1,1,1,-1,1,-1,-1,-1,-1,-1,-1,-1,-1,-1
2021-07-06,2934.92,3115.68,2934.92,3115.68,69.76397407,-1,1,1,-1,1,-1,-1,-1,-1,-1,-1,1,-1,-1
2021-07-07,3117.0,3197.44,3079.38,3097.0,67.51434701,-1,1,1,-1,1,-1,-1,-1,-1,-1,-1,-1,-1,-1
2021-07-08,3088.46,3097.1,2816.4,2863.37,136.46011715,-1,1,1,-1,1,-1,-1,-1,-1,-1,-1,-1,-1,-1
2021-07-09,2823.92,2926.76,2763.01,2879.22,92.53303142,-1,1,1,-1,1,-1,-1,-1,-1,-1,-1,-1,-1,-1
2021-07-10,2869.68,2936.08,2789.09,2848.47,30.96661676,-1,1,1,-1,1,-1,-1,-1,-1,-1,-1,-1,-1,-1
2021-07-11,2825.64,2901.92,2782.86,2865.0,40.22249719,1,-1,1,-1,1,-1,-1,-1,-1,-1,-1,-1,-1,-1
2021-07-12,2850.0,2908.2,2693.06,2728.54,194.2720122,1,-1,1,-1,1,-1,-1,-1,-1,-1,-1,-1,-1,-1
2021-07-13,2728.0,2735.51,2589.07,2623.02,230.58478536,1,-1,1,-1,1,-1,-1,-1,-1,-1,-1,-1,-1,-1
2021-07-14,2610.26,2698.23,2510.0,2674.34,86.23372546,1,-1,1,-1,1,-1,-1,-1,-1,-1,-1,-1,-1,-1
2021-07-15,2655.23,2724.75,2545.23,2586.57,157.42563325,1,-1,1,-1,1,-1,-1,-1,-1,-1,-1,-1,-1,-1
2021-07-16,2587.09,2630.56,2500.0,2550.79,99.54283511,1,-1,1,-1,1,-1,-1,-1,-1,-1,-1,-1,-1,-1
2021-07-17,2533.39,2592.01,2508.62,2576.48,58.59999186,1,-1,1,-1,1,-1,-1,-1,-1,-1,-1,-1,-1,-1
2021-07-18,2584.69,2691.35,2546.93,2559.56,39.36605199,1,-1,1,-1,1,-1,-1,-1,-1,-1,-1,-1,-1,-1
2021-07-19,2579.89,2596.35,2464.43,2488.33,30.09044855,1,-1,1,-1,1,-1,-1,-1,-1,-1,-1,-1,-1,-1
2021-07-20,2503.04,2503.04,2346.2,2434.43,131.47973031,1,-1,1,-1,1,-1,-1,-1,-1,-1,-1,-1,-1,-1
2021-07-21,2428.96,2754.29,2396.94,2691.9,55.67202074,1,-1,1,-1,1,-1,-1,-1,-1,-1,-1,-1,-1,-1
2021-07-22,2723.12,2760.52,2675.59,2743.67,14.23269138,1,-1,1,-1,1,-1,-1,-1,-1,-1,-1,-1,-1,-1
2021-07-23,2744.55,2862.96,2738.68,2862.96,37.07177322,-1,1,1,-1,1,-1,-1,-1,-1,-1,-1,-1,-1,-1
2021-07-24,2875.28,2987.0,2873.07,2977.58,27.29711631,-1,1,1,-1,1,-1,-1,-1,-1,-1,-1,-1,-1,-1
2021-07-25,2974.01,2987.48,2889.41,2977.41,26.9395717,-1,1,1,-1,1,-1,-1,-1,-1,-1,-1,-1,-1,-1
2021-07-26,2967.97,3265.21,2967.97,3024.45,130.14099414,-1,1,1,-1,1,-1,-1,-1,-1,-1,-1,-1,-1,-1
2021-07-27,3025.84,3144.81,2928.65,3133.76,142.49693334,-1,1,1,-1,1,-1,-1,-1,-1,-1,-1,-1,-1,-1
2021-07-28,3119.34,3200.0,3065.51,3118.18,82.48878715,-1,1,1,-1,1,-1,-1,-1,1,-1,-1,-1,-1,-1
2021-07-29,3108.99,3240.56,3091.69,3219.36,57.67969271,-1,1,-1,1,1,-1,-1,-1,-1,-1,-1,-1,-1,-1
2021-07-30,3219.53,3346.82,3153.84,3338.07,85.33978783,-1,1,-1,1,1,-1,-1,-1,-1,-1,-1,-1,-1,-1
2021-07-31,3341.21,3487.6,3304.64,3487.6,18.39491869,-1,1,-1,1,1,-1,-1,-1,-1,-1,-1,-1,-1,-1
2021-08-01,3460.71,3676.11,3459.17,3492.44,57.89533079,-1,1,-1,1,-1,1,-1,-1,-1,-1,-1,-1,-1,-1
2021-08-02,3482.45,3626.31,3425.0,3578.07,71.37166128,-1,1,-1,1,-1,1,-1,-1,-1,-1,-1,-1,-1,-1
2021-08-03,3531.83,3571.1,3321.95,3409.37,39.1828894,-1,1,-1,1,-1,1,-1,-1,-1,-1,-1,-1,-1,-1
2021-08-04,3414.91,3744.93,3327.37,3731.89,67.29627804,-1,1,-1,1,-1,1,-1,-1,-1,-1,-1,-1,-1,-1
2021-08-05,3691.6,3836.41,3428.33,3818.89,186.32539565,-1,1,-1,1,-1,1,-1,-1,-1,-1,-1,-1,-1,-1
2021-08-06,3834.75,4000.0,3700.0,3922.57,62.90854031,-1,1,-1,1,-1,1,-1,-1,-1,-1,-1,-1,-1,-1
2021-08-07,3903.61,4325.47,3903.61,4319.07,128.64994627,-1,1,-1,1,-1,1,-1,-1,-1,-1,-1,-1,-1,-1
2021-08-08,4325.29,4333.78,4021.88,4111.04,46.35528484,-1,1,-1,1,-1,1,-1,-1,-1,-1,-1,-1,-1,-1
2021-08-09,4085.68,4340.81,3949.8,4320.14,127.52710023,-1,1,-1,1,-1,1,-1,-1,-1,-1,-1,-1,-1,-1
2021-08-10,4374.08,4397.98,4187.18,4285.17,68.67577657,-1,1,-1,1,-1,1,-1,-1,-1,-1,-1,-1,-1,-1
2021-08-11,4291.14,4442.68,4268.96,4291.7,112.37357263,-1,1,-1,1,-1,1,-1,-1,-1,-1,-1,-1,-1,-1
2021-08-12,4297.39,4404.07,4087.94,4145.72,73.3182354,-1,1,-1,1,-1,1,-1,-1,-1,-1,-1,-1,-1,-1
2021-08-13,4171.81,4515.15,4164.93,4515.15,63.04639456,-1,1,-1,1,-1,1,-1,-1,-1,-1,-1,-1,-1,-1
2021-08-14,4520.86,4520.86,4352.78,4447.04,47.26120009,-1,1,-1,1,-1,1,-1,-1,-1,-1,-1,-1,-1,-1
2021-08-15,4461.99,4506.01,4246.1,4487.1,59.30734299,-1,1,-1,1,-1,1,1,-1,-1,-1,-1,-1,-1,1
2021-08-16,4501.01,4525.29,4285.01,4293.9,105.94222079,-1,1,-1,1,-1,1,1,-1,-1,-1,-1,-1,-1,-1
2021-08-17,4294.18,4507.94,4120.0,4158.2,152.77426173,-1,1,-1,1,-1,1,1,-1,-1,-1,-1,-1,-1,-1
2021-08-18,4144.21,4308.15,4075.75,4179.15,92.14991782,-1,1,-1,1,-1,1,1,-1,-1,-1,-1,-1,-1,-1
2021-08-19,4153.42,4458.84,4124.41,4449.83,149.04316421,1,-1,-1,1,-1,1,1,-1,-1,-1,-1,-1,-1,-1
2021-08-20,4465.91,4609.17,4452.37,4607.27,35.69858301,1,-1,-1,1,-1,1,-1,1,-1,-1,-1,-1,-1,-1
2021-08-21,4607.67,4639.92,4515.67,4525.4,97.01072763,-1,1,-1,1,-1,1,-1,1,-1,-1,-1,-1,-1,-1
2021-08-22,4539.66,4580.57,4390.23,4553.86,54.09364115,-1,1,-1,1,-1,1,-1,1,-1,-1,-1,-1,-1,-1
2021-08-23,4533.49,4692.0,4512.5,4602.81,63.08117751,-1,1,-1,1,-1,1,-1,1,-1,-1,-1,-1,-1,-1
2021-08-24,4615.87,4649.14,4351.16,4382.19,60.70435732,-1,1,-1,1,-1,1,-1,1,-1,-1,-1,-1,-1,-1
2021-08-25,4402.3,4463.94,4255.68,4443.96,57.04879292,-1,1,-1,1,-1,1,-1,1,-1,-1,-1,-1,-1,-1
2021-08-26,4437.15,4450.93,3977.62,4309.0,202.08678678,-1,1,-1,1,-1,1,-1,1,-1,-1,-1,-1,-1,-1
2021-08-27,4280.26,4503.26,4265.68,4485.44,98.73003716,1,-1,-1,1,-1,1,-1,1,-1,-1,-1,-1,-1,-1
2021-08-28,4520.51,4520.51,4426.11,4442.03,38.21190307,1,-1,-1,1,-1,1,-1,1,-1,-1,-1,-1,-1,-1
2021-08-29,4450.63,4554.51,4349.94,4430.95,176.3385156,1,-1,-1,1,-1,1,-1,1,-1,-1,-1,-1,-1,-1
2021-08-30,4404.1,4582.37,4324.78,4419.57,113.9097599,1,-1,-1,1,-1,1,-1,1,-1,-1,-1,-1,-1,-1
2021-08-31,4432.68,4739.8,4389.0,4709.03,64.86095033,-1,1,-1,1,-1,1,-1,1,-1,-1,-1,-1,-1,-1
2021-09-01,4679.76,5200.0,4642.71,5200.0,118.649167,-1,1,-1,1,-1,1,-1,1,-1,-1,-1,-1,-1,-1
2021-09-02,5208.46,5224.89,5053.46,5133.69,71.96943055,-1,1,-1,1,-1,1,-1,1,-1,-1,-1,-1,-1,-1
2021-09-03,5142.2,5407.6,5020.79,5289.87,71.15739345,-1,1,-1,1,-1,1,-1,1,1,-1,-1,-1,-1,-1
2021-09-04,5297.59,5338.14,5180.0,5239.19,58.7064932,-1,1,-1,1,-1,1,-1,1,-1,-1,-1,-1,-1,-1
2021-09-05,5248.99,5347.7,5194.54,5318.06,59.69895301,-1,1,-1,1,-1,1,-1,1,-1,-1,-1,-1,-1,-1
2021-09-06,5308.71,5343.71,5209.61,5289.62,42.12216047,-1,1,-1,1,-1,1,-1,1,-1,-1,-1,-1,-1,-1
2021-09-07,5287.02,5308.76,3950.0,4651.17,359.39881078,-1,1,-1,1,-1,1,-1,1,-1,-1,-1,-1,-1,-1
2021-09-08,4672.2,4849.45,4379.62,4794.39,315.33439396,-1,1,-1,1,-1,1,-1,1,-1,-1,-1,-1,-1,-1
2021-09-09,4776.76,4825.06,4600.0,4656.2,202.40935641,1,-1,-1,1,-1,1,-1,1,-1,-1,-1,-1,-1,-1
2021-09-10,4649.43,4764.6,4321.4,4367.51,104.72520033,1,-1,-1,1,-1,1,-1,1,-1,-1,-1,-1,-1,-1
2021-09-11,4382.37,4560.95,4379.48,4460.12,43.52813456,1,-1,-1,1,-1,1,-1,1,-1,-1,-1,-1,-1,-1
2021-09-12,4458.52,4731.52,4428.89,4660.23,165.64354133,1,-1,-1,1,-1,1,-1,1,-1,-1,-1,-1,-1,-1
2021-09-13,4620.04,4659.73,4265.4,4447.16,99.61692693,1,-1,-1,1,-1,1,-1,1,-1,-1,-1,-1,-1,-1
2021-09-14,4463.91,4680.0,4463.91,4676.8,93.52383122,1,-1,-1,1,-1,1,-1,1,-1,-1,-1,-1,-1,-1
2021-09-15,4706.81,4920.4,4619.31,4891.24,115.97152082,1,-1,-1,1,-1,1,-1,1,-1,-1,-1,-1,-1,-1
2021-09-16,4920.34,5019.46,4783.46,4916.56,83.50651807,-1,1,-1,1,-1,1,-1,1,-1,-1,-1,-1,-1,-1
2021-09-17,4905.55,4945.35,4624.0,4691.7,47.46577691,-1,1,-1,1,-1,1,-1,1,-1,-1,-1,-1,-1,-1
2021-09-18,4683.69,4877.86,4666.62,4738.29,17.18185622,-1,1,-1,1,-1,1,-1,1,-1,-1,-1,-1,-1,-1
2021-09-19,4729.43,4767.7,4542.17,4594.43,44.68317101,-1,1,-1,1,-1,1,-1,1,-1,-1,-1,-1,-1,-1
2021-09-20,4605.25,4605.25,4052.12,4103.68,376.63750107,1,-1,-1,1,-1,1,-1,1,-1,-1,-1,-1,-1,-1
2021-09-21,4100.18,4273.94,3697.67,3803.49,532.37742397,1,-1,-1,1,-1,1,-1,1,-1,-1,-1,-1,-1,-1
2021-09-22,3887.49,4259.29,3779.55,4248.02,371.63717237,1,-1,1,-1,-1,1,-1,1,-1,-1,-1,-1,-1,-1
2021-09-23,4265.09,4360.15,4202.87,4328.39,61.3236127,1,-1,1,-1,-1,1,-1,1,-1,-1,-1,-1,-1,-1
2021-09-24,4333.08,4335.38,3790.38,4029.78,186.32822225,1,-1,1,-1,-1,1,-1,1,-1,-1,-1,-1,-1,-1
2021-09-25,4072.93,4083.17,3901.39,4075.44,61.198264,1,-1,1,-1,1,-1,-1,1,-1,-1,-1,-1,-1,-1
2021-09-26,3994.07,4304.76,3806.91,4243.01,141.60152858,1,-1,1,-1,1,-1,-1,1,-1,-1,-1,-1,-1,-1
2021-09-27,4220.0,4355.54,4049.0,4049.0,26.00136494,1,-1,1,-1,1,-1,-1,1,-1,-1,-1,-1,-1,-1
2021-09-28,4026.0,4082.65,3862.73,3889.36,35.4763843,1,-1,1,-1,1,-1,-1,1,-1,-1,-1,-1,-1,-1
2021-09-29,3893.06,4087.16,3880.44,3980.0,42.71950955,1,-1,1,-1,1,-1,-1,1,-1,-1,-1,-1,-1,-1
2021-09-30,3974.33,4229.0,3970.73,4156.97,55.55694465,1,-1,1,-1,1,-1,-1,1,-1,-1,-1,-1,-1,-1
2021-10-01,4191.9,4581.93,4152.21,4560.0,39.11361711,1,-1,1,-1,1,-1,-1,1,-1,-1,-1,-1,-1,-1
2021-10-02,4559.01,4783.8,4499.11,4676.43,89.31650944,-1,1,1,-1,1,-1,-1,1,-1,-1,-1,-1,-1,-1
2021-10-03,4700.2,4804.09,4626.0,4713.65,112.37710201,-1,1,1,-1,1,-1,-1,1,-1,-1,-1,-1,-1,-1
2021-10-04,4712.22,4714.73,4530.64,4653.68,131.0325047,-1,1,1,-1,1,-1,-1,1,-1,-1,-1,-1,-1,-1
2021-10-05,4643.24,4869.74,4643.24,4846.66,48.60076741,-1,1,1,-1,1,-1,-1,1,-1,-1,-1,-1,-1,-1
2021-10-06,4838.88,5008.27,4645.65,4915.13,225.24046744,-1,1,1,-1,1,-1,-1,1,-1,-1,-1,-1,-1,-1
2021-10-07,4924.74,4992.67,4793.0,4925.0,44.31973709,-1,1,1,-1,1,-1,-1,1,-1,-1,-1,-1,-1,-1
2021-10-08,4924.58,5036.37,4864.86,4899.67,31.19904686,-1,1,-1,1,1,-1,-1,1,-1,-1,-1,-1,-1,-1
2021-10-09,4893.17,4973.5,4861.85,4916.48,18.42912689,-1,1,-1,1,1,-1,-1,1,-1,-1,-1,-1,-1,-1
2021-10-10,4897.82,4955.22,4688.8,4708.0,88.30120256,-1,1,-1,1,1,-1,-1,1,-1,-1,-1,-1,-1,-1
2021-10-11,4687.0,4933.19,4642.28,4829.95,77.4073516,-1,1,-1,1,1,-1,-1,1,-1,-1,-1,-1,-1,-1
2021-10-12,4787.64,4842.17,4641.01,4762.38,261.23922068,-1,1,-1,1,1,-1,-1,1,-1,-1,-1,-1,-1,-1
2021-10-13,4786.09,4889.19,4651.06,4889.19,146.59761092,1,-1,-1,1,1,-1,-1,1,-1,-1,-1,-1,-1,-1
2021-10-14,4897.91,5144.78,4875.56,5098.9,77.57605116,1,-1,-1,1,1,-1,-1,1,-1,-1,-1,-1,-1,-1
2021-10-15,5097.66,5245.9,5043.06,5220.66,69.60420287,-1,1,-1,1,-1,1,-1,1,-1,-1,-1,-1,-1,-1
2021-10-16,5206.06,5336.11,5144.53,5206.94,78.01369931,-1,1,-1,1,-1,1,-1,1,-1,-1,-1,-1,-1,-1
2021-10-17,5158.8,5294.14,4930.71,5195.88,69.59256147,-1,1,-1,1,-1,1,-1,1,-1,-1,-1,-1,-1,-1
2021-10-18,5194.17,5263.78,5001.0,5067.42,63.37729975,-1,1,-1,1,-1,1,-1,1,-1,-1,-1,-1,-1,-1
2021-10-19,5073.63,5196.43,4711.82,5171.83,205.70811678,-1,1,-1,1,-1,1,-1,1,-1,-1,-1,-1,-1,-1
2021-10-20,5190.0,5599.99,5109.59,5572.34,150.53629447,-1,1,-1,1,-1,1,-1,1,-1,-1,-1,-1,-1,-1
2021-10-21,5579.7,5841.18,5393.74,5468.11,315.70164196,-1,1,-1,1,-1,1,-1,1,-1,-1,-1,-1,-1,-1
2021-10-22,5480.52,5581.6,5248.01,5345.09,57.60757272,-1,1,-1,1,-1,1,-1,1,-1,-1,-1,-1,-1,-1
2021-10-23,5316.45,5604.37,5307.46,5604.37,31.15004945,-1,1,-1,1,-1,1,-1,1,-1,-1,-1,-1,-1,-1
2021-10-24,5605.44,5623.42,5350.0,5486.52,26.78993519,-1,1,-1,1,-1,1,-1,1,-1,-1,-1,-1,-1,-1
2021-10-25,5492.73,5664.01,5470.25,5643.38,147.43312149,-1,1,-1,1,-1,1,-1,1,-1,-1,-1,-1,-1,-1
2021-10-26,5646.79,5742.73,5500.0,5521.45,71.30472916,-1,1,-1,1,-1,1,-1,1,-1,-1,-1,-1,-1,-1
2021-10-27,5516.01,5735.16,5235.77,5273.57,239.72970838,-1,1,-1,1,-1,1,-1,1,-1,-1,-1,-1,-1,-1
2021-10-28,5262.23,5744.05,5235.77,5707.95,359.65280939,-1,1,-1,1,-1,1,-1,1,-1,-1,-1,-1,-1,-1
2021-10-29,5705.34,5947.41,5705.34,5898.56,456.52642648,-1,1,-1,1,-1,1,-1,1,-1,-1,-1,-1,-1,-1
2021-10-30,5870.01,5870.01,5673.06,5772.48,66.02030195,-1,1,-1,1,-1,1,-1,1,-1,-1,-1,-1,-1,-1
2021-10-31,5826.9,5869.64,5600.0,5738.9,61.30299013,-1,1,-1,1,-1,1,-1,1,-1,-1,-1,-1,-1,-1
2021-11-01,5730.97,5830.38,5562.52,5765.06,44.41393493,-1,1,-1,1,-1,1,-1,1,-1,-1,-1,-1,-1,-1
2021-11-02,5766.09,6192.39,5718.58,6161.94,118.78044058,-1,1,-1,1,-1,1,-1,1,-1,-1,-1,-1,-1,-1
2021-11-03,6198.94,6272.18,6048.32,6177.0,176.0422269,-1,1,-1,1,-1,1,-1,1,-1,-1,-1,-1,-1,-1
2021-11-04,6189.27,6198.64,6016.78,6147.4,88.32353209,-1,1,-1,1,-1,1,-1,1,-1,-1,-1,-1,-1,-1
2021-11-05,6151.56,6204.96,6024.24,6065.02,58.19643719,-1,1,-1,1,-1,1,-1,1,-1,-1,-1,-1,-1,-1
2021-11-06,6047.75,6151.89,5877.97,6151.89,97.16987446,-1,1,-1,1,-1,1,-1,1,-1,-1,-1,-1,-1,-1
2021-11-07,6162.07,6285.09,6124.29,6264.22,80.11815339,-1,1,-1,1,-1,1,-1,1,-1,-1,-1,-1,-1,-1
2021-11-08,6264.83,6513.17,6264.83,6497.23,59.23260533,-1,1,-1,1,-1,1,-1,1,-1,-1,-1,-1,-1,-1
2021-11-09,6497.0,6558.76,6425.41,6454.95,119.33517682,-1,1,-1,1,-1,1,-1,1,-1,-1,-1,-1,-1,-1
2021-11-10,6455.13,6720.04,6200.0,6355.87,244.06231239,-1,1,-1,1,-1,1,-1,1,-1,-1,-1,-1,-1,-1
2021-11-11,6352.97,6575.05,6280.0,6492.53,61.58955591,-1,1,-1,1,-1,1,-1,1,-1,-1,-1,-1,-1,-1
2021-11-12,6473.56,6617.33,6215.26,6432.63,104.15138186,-1,1,-1,1,-1,1,-1,1,-1,-1,-1,-1,-1,-1
2021-11-13,6457.43,6457.43,6287.1,6376.97,25.82633839,-1,1,-1,1,-1,1,-1,1,-1,-1,-1,-1,-1,-1
2021-11-14,6347.76,6417.55,6198.5,6327.93,26.16563941,-1,1,-1,1,-1,1,-1,1,-1,-1,-1,-1,-1,-1
2021-11-15,6343.7,6482.73,6205.06,6239.57,75.63711834,-1,1,-1,1,-1,1,-1,1,-1,-1,-1,-1,-1,-1
2021-11-16,6200.2,6200.2,5606.82,5800.0,159.73630837,1,-1,-1,1,-1,1,-1,1,-1,-1,-1,-1,-1,-1
2021-11-17,5802.89,5951.83,5640.55,5951.83,288.89076637,1,-1,-1,1,-1,1,-1,1,-1,-1,-1,-1,-1,-1
2021-11-18,5929.71,6040.27,5481.56,5500.08,214.63487174,1,-1,-1,1,-1,1,-1,1,-1,-1,-1,-1,-1,-1
2021-11-19,5533.84,5975.75,5511.96,5958.28,144.11273388,1,-1,-1,1,-1,1,-1,1,-1,1,-1,-1,-1,-1
2021-11-20,5980.15,6140.0,5850.0,6110.71,48.32499393,1,-1,-1,1,-1,1,-1,1,-1,-1,-1,-1,-1,-1
2021-11-21,6100.54,6138.4,5902.25,5902.25,40.73250516,1,-1,-1,1,-1,1,-1,1,-1,-1,-1,-1,-1,-1
2021-11-22,5904.42,5934.04,5582.98,5670.89,72.34765374,1,-1,-1,1,-1,1,-1,1,-1,-1,-1,-1,-1,-1
2021-11-23,5650.0,6070.0,5629.51,6037.34,116.11564585,1,-1,-1,1,-1,1,-1,1,-1,-1,-1,-1,-1,-1
2021-11-24,6030.01,6064.82,5843.12,5932.32,63.18703351,-1,1,-1,1,-1,1,-1,1,-1,-1,-1,-1,-1,-1
2021-11-25,5926.8,6310.82,5922.27,6300.41,54.42610579,-1,1,-1,1,-1,1,-1,1,-1,-1,-1,-1,-1,-1
2021-11-26,6313.38,6338.73,5512.32,5673.6,171.27968153,-1,1,-1,1,-1,1,-1,1,-1,-1,-1,-1,-1,-1
2021-11-27,5699.12,5898.14,5696.53,5746.04,78.62351004,-1,1,-1,1,-1,1,-1,1,-1,-1,-1,-1,-1,-1
2021-11-28,5760.73,6033.15,5615.95,6028.1,51.60797204,-1,1,-1,1,-1,1,-1,1,-1,-1,-1,-1,-1,-1
2021-11-29,6057.41,6249.11,6002.73,6244.76,114.80890144,-1,1,-1,1,-1,1,-1,1,-1,-1,-1,-1,-1,-1
2021-11-30,6231.69,6623.76,6138.86,6500.0,86.89932758,-1,1,-1,1,-1,1,-1,1,-1,-1,-1,-1,-1,-1
2021-12-01,6488.88,6680.78,6360.48,6436.55,87.46502775,-1,1,-1,1,-1,1,-1,1,-1,-1,-1,-1,-1,-1
2021-12-02,6451.57,6507.05,6266.24,6364.24,74.29094354,-1,1,-1,1,-1,1,-1,1,-1,-1,-1,-1,-1,-1
2021-12-03,6369.65,6553.51,5843.11,6050.0,123.88390354,-1,1,-1,1,-1,1,-1,1,-1,-1,-1,-1,-1,-1
2021-12-04,6004.69,6051.83,5000.0,5955.06,354.93127022,-1,1,-1,1,-1,1,-1,1,-1,-1,-1,-1,-1,-1
2021-12-05,5954.8,6094.02,5832.24,6014.48,88.02442275,-1,1,-1,1,-1,1,-1,1,-1,-1,-1,-1,-1,-1
2021-12-06,5991.94,6210.3,5619.87,6183.71,143.1161815,1,-1,-1,1,-1,1,-1,1,-1,1,-1,-1,-1,-1
2021-12-07,6188.49,6259.88,6008.89,6077.25,42.37722244,1,-1,-1,1,-1,1,-1,1,-1,-1,-1,-1,-1,-1
2021-12-08,6057.33,6234.39,5962.64,6199.74,90.03458238,1,-1,-1,1,-1,1,-1,1,-1,-1,-1,-1,-1,-1
2021-12-09,6223.56,6265.0,5731.17,5821.25,72.74181991,1,-1,-1,1,-1,1,-1,1,-1,-1,-1,-1,-1,-1
2021-12-10,5815.84,5909.11,5458.72,5478.42,50.4592355,1,-1,-1,1,-1,1,-1,1,-1,-1,-1,-1,-1,-1
2021-12-11,5452.8,5710.59,5376.43,5673.64,20.55318337,1,-1,1,-1,-1,1,-1,1,-1,-1,-1,-1,-1,-1
2021-12-12,5732.02,5826.95,5607.23,5790.7,43.78532961,1,-1,1,-1,-1,1,-1,1,-1,-1,-1,-1,-1,-1
2021-12-13,5791.43,5791.43,5172.87,5312.18,82.81687448,1,-1,1,-1,1,-1,-1,1,-1,-1,-1,-1,-1,-1
2021-12-14,5324.12,5463.91,5220.0,5445.62,146.97185645,1,-1,1,-1,1,-1,-1,1,-1,-1,-1,-1,-1,-1
2021-12-15,5445.07,5714.12,5144.31,5602.33,397.63601674,1,-1,1,-1,1,-1,-1,1,-1,-1,-1,-1,-1,-1
2021-12-16,5630.4,5717.43,5524.85,5543.02,44.45287308,1,-1,1,-1,1,-1,-1,1,-1,-1,-1,-1,-1,-1
2021-12-17,5512.0,5580.4,5200.0,5469.46,60.15474134,1,-1,1,-1,1,-1,-1,1,-1,-1,-1,-1,-1,-1
2021-12-18,5432.36,5611.9,5328.67,5559.22,20.79889496,1,-1,1,-1,1,-1,-1,1,-1,-1,-1,-1,-1,-1
2021-12-19,5566.85,5662.25,5486.4,5534.33,6.36009685,-1,1,1,-1,1,-1,-1,1,-1,-1,-1,-1,-1,-1
2021-12-20,5505.97,5599.92,5291.94,5504.6,93.40513177,1,-1,1,-1,1,-1,-1,1,-1,-1,-1,-1,-1,-1
2021-12-21,5569.33,5700.0,5510.78,5652.3,48.08120706,-1,1,1,-1,1,-1,-1,1,-1,-1,-1,-1,-1,-1
2021-12-22,5622.19,5706.76,5504.94,5531.94,40.02274344,-1,1,1,-1,1,-1,-1,1,-1,-1,-1,-1,-1,-1
2021-12-23,5526.71,5732.75,5416.34,5673.17,101.2171694,-1,1,1,-1,1,-1,-1,1,-1,-1,-1,-1,-1,-1
2021-12-24,5687.91,5716.88,5600.0,5606.8,11.58644718,-1,1,1,-1,1,-1,-1,1,-1,-1,-1,-1,-1,-1
2021-12-25,5612.38,5742.46,5611.55,5677.89,8.02014332,-1,1,1,-1,1,-1,-1,1,-1,-1,-1,-1,-1,-1
2021-12-26,5695.93,5695.93,5580.92,5648.39,8.67819082,-1,1,1,-1,1,-1,-1,1,-1,-1,-1,-1,-1,-1
2021-12-27,5644.8,5707.83,5573.77,5597.57,5.14967368,-1,1,1,-1,1,-1,-1,1,-1,-1,-1,-1,-1,-1
2021-12-28,5568.39,5568.39,5250.0,5278.08,91.88268549,1,-1,1,-1,1,-1,-1,1,-1,-1,-1,-1,-1,-1
2021-12-29,5278.15,5309.88,4980.88,5011.18,55.22404514,1,-1,1,-1,1,-1,-1,1,-1,-1,-1,-1,-1,-1
2021-12-30,5019.81,5198.05,4957.32,5137.87,33.4068707,1,-1,1,-1,1,-1,-1,1,-1,-1,-1,-1,-1,-1
2021-12-31,5163.76,5255.83,5000.0,5092.33,16.48379122,1,-1,1,-1,1,-1,-1,1,-1,-1,-1,-1,-1,-1
2022-01-01,5082.59,5201.51,5082.59,5201.16,17.67339265,1,-1,1,-1,1,-1,-1,1,-1,-1,-1,-1,-1,-1
2022-01-02,5194.54,5316.32,5145.38,5294.54,75.50636197,1,-1,1,-1,1,-1,-1,1,-1,-1,-1,-1,-1,-1
2022-01-03,5270.77,5343.39,5129.62,5238.54,42.38547257,1,-1,1,-1,1,-1,-1,1,-1,-1,-1,-1,-1,-1
2022-01-04,5233.48,5398.61,5169.29,5255.99,57.59163244,1,-1,1,-1,1,-1,-1,1,-1,-1,-1,-1,-1,-1
2022-01-05,5240.15,5306.59,4767.46,4941.81,54.66315729,1,-1,1,-1,1,-1,-1,1,-1,-1,-1,-1,-1,-1
2022-01-06,4898.01,4921.78,4629.71,4770.43,251.00936003,1,-1,1,-1,1,-1,-1,1,-1,-1,-1,1,-1,-1
2022-01-07,4774.75,4774.75,4288.71,4462.8,127.74682364,1,-1,1,-1,1,-1,-1,1,-1,-1,-1,-1,-1,-1
2022-01-08,4479.3,4537.04,4200.9,4349.35,75.37965139,1,-1,1,-1,1,-1,-1,1,-1,-1,-1,-1,-1,-1
2022-01-09,4297.81,4479.22,4297.58,4432.81,20.87510811,1,-1,1,-1,1,-1,-1,1,-1,-1,-1,-1,-1,-1
2022-01-10,4420.09,4441.81,4106.0,4294.38,56.53929846,1,-1,1,-1,1,-1,1,-1,-1,-1,-1,-1,-1,-1
2022-01-11,4293.51,4520.68,4266.87,4520.68,97.59368663,1,-1,1,-1,1,-1,1,-1,-1,-1,-1,-1,-1,-1
2022-01-12,4517.68,4685.91,4463.08,4651.75,32.78506307,1,-1,1,-1,1,-1,1,-1,-1,-1,-1,-1,-1,-1
2022-01-13,4649.49,4667.1,4457.75,4476.81,31.8267598,1,-1,1,-1,1,-1,1,-1,-1,-1,-1,-1,-1,-1
2022-01-14,4463.33,4637.98,4417.42,4594.4,53.99454151,1,-1,1,-1,1,-1,1,-1,-1,-1,-1,-1,-1,-1
2022-01-15,4610.47,4681.08,4546.93,4615.0,8.54160531,-1,1,1,-1,1,-1,1,-1,-1,-1,-1,-1,-1,-1
2022-01-16,4633.3,4702.52,4556.15,4660.32,23.30174504,-1,1,1,-1,1,-1,1,-1,-1,-1,-1,-1,-1,-1
2022-01-17,4645.4,4645.4,4369.97,4470.49,17.1458989,-1,1,1,-1,1,-1,1,-1,-1,-1,-1,-1,-1,-1
2022-01-18,4446.8,4487.7,4325.87,4414.17,30.45723851,-1,1,1,-1,1,-1,1,-1,-1,-1,-1,-1,-1,-1
2022-01-19,4402.61,4412.57,4250.0,4283.43,47.51809219,1,-1,1,-1,1,-1,1,-1,-1,-1,-1,-1,-1,-1
2022-01-20,4321.48,4509.39,4169.22,4183.69,70.99570244,1,-1,1,-1,1,-1,1,-1,-1,-1,-1,-1,-1,-1
2022-01-21,4160.03,4206.59,3426.18,3578.45,170.09263981,1,-1,1,-1,1,-1,1,-1,-1,-1,-1,-1,-1,-1
2022-01-22,3620.39,3656.23,3215.03,3354.99,219.22784517,1,-1,1,-1,1,-1,1,-1,-1,-1,-1,-1,-1,-1
2022-01-23,3366.42,3558.52,3318.61,3536.45,60.2808866,1,-1,1,-1,1,-1,1,-1,-1,-1,-1,-1,-1,-1
2022-01-24,3513.91,3513.92,3047.92,3426.95,217.37302524,1,-1,1,-1,1,-1,1,-1,-1,-1,-1,-1,-1,-1
2022-01-25,3416.66,3508.79,3314.55,3439.81,151.51008035,1,-1,1,-1,1,-1,1,-1,-1,-1,-1,-1,-1,-1
2022-01-26,3436.77,3781.23,3392.95,3481.11,60.47294909,1,-1,1,-1,1,-1,1,-1,-1,-1,-1,-1,-1,-1
2022-01-27,3464.51,3562.61,3312.23,3422.04,114.31998214,1,-1,1,-1,1,-1,1,-1,-1,-1,-1,-1,-1,-1
2022-01-28,3473.3,3656.25,3379.4,3648.32,70.94887313,1,-1,1,-1,1,-1,1,-1,-1,-1,-1,-1,-1,-1
2022-01-29,3683.83,3773.91,3617.55,3723.92,39.68646681,1,-1,1,-1,1,-1,1,-1,-1,-1,-1,-1,-1,-1
2022-01-30,3716.45,3795.77,3654.78,3745.89,16.50838549,-1,1,1,-1,1,-1,1,-1,-1,-1,-1,-1,-1,-1
2022-01-31,3710.24,3819.2,3542.51,3801.02,97.35222685,-1,1,1,-1,1,-1,1,-1,-1,-1,-1,-1,-1,-1
2022-02-01,3801.0,3951.39,3801.0,3926.23,47.38138322,-1,1,1,-1,1,-1,1,-1,-1,-1,-1,-1,-1,1
2022-02-02,3914.72,3943.44,3705.63,3774.28,70.31688459,-1,1,1,-1,1,-1,1,-1,-1,-1,-1,-1,-1,-1
2022-02-03,3757.92,3819.89,3640.19,3776.32,49.4159248,-1,1,1,-1,1,-1,1,-1,-1,-1,-1,-1,-1,-1
2022-02-04,3773.44,4199.16,3755.28,4183.96,75.50056955,-1,1,1,-1,1,-1,1,-1,-1,-1,-1,-1,-1,-1
2022-02-05,4220.66,4333.95,4187.4,4280.67,19.91319676,-1,1,1,-1,1,-1,1,-1,-1,-1,-1,-1,-1,-1
2022-02-06,4286.67,4348.6,4200.0,4332.35,17.65187611,-1,1,1,-1,1,-1,1,-1,-1,-1,-1,-1,-1,-1
2022-02-07,4326.08,4476.95,4250.0,4431.4,49.92123286,-1,1,1,-1,1,-1,1,-1,-1,-1,-1,-1,-1,-1
2022-02-08,4398.06,4546.14,4266.46,4392.21,50.59933967,-1,1,1,-1,1,-1,1,-1,-1,-1,-1,-1,-1,-1
2022-02-09,4378.84,4552.32,4300.0,4518.0,56.14417189,-1,1,1,-1,1,-1,1,-1,-1,-1,-1,-1,-1,-1
2022-02-10,4512.58,4555.52,4291.52,4291.52,55.03354298,-1,1,1,-1,1,-1,1,-1,-1,-1,-1,-1,-1,-1
2022-02-11,4292.27,4366.99,4042.15,4121.31,65.76340566,-1,1,1,-1,1,-1,1,-1,-1,-1,-1,-1,-1,-1
2022-02-12,4107.02,4178.18,4009.57,4105.0,95.53546586,-1,1,1,-1,1,-1,1,-1,-1,-1,-1,-1,-1,-1
2022-02-13,4094.12,4144.81,3958.44,4043.53,23.25771241,1,-1,1,-1,1,-1,1,-1,-1,-1,-1,-1,-1,-1
2022-02-14,4023.53,4154.68,3742.99,4123.38,384.15347855,1,-1,1,-1,1,-1,1,-1,-1,-1,-1,-1,-1,-1
2022-02-15,4114.65,4465.12,4089.67,4465.12,38.75787302,1,-1,1,-1,1,-1,1,-1,-1,-1,-1,-1,-1,-1
2022-02-16,4469.44,4469.47,4273.68,4363.59,24.52222096,1,-1,1,-1,1,-1,1,-1,-1,-1,-1,-1,-1,-1
2022-02-17,4344.9,4399.84,3987.1,4018.58,89.7747565,1,-1,1,-1,1,-1,1,-1,-1,-1,-1,-1,-1,-1
2022-02-18,4024.94,4076.87,3847.19,3891.94,87.82368887,1,-1,1,-1,1,-1,1,-1,-1,-1,-1,-1,-1,1
2022-02-19,3876.68,3942.63,3770.06,3855.29,36.27039142,1,-1,1,-1,1,-1,1,-1,-1,-1,-1,-1,-1,-1
2022-02-20,3849.97,3853.68,3600.0,3696.92,35.41760791,1,-1,1,-1,1,-1,1,-1,-1,-1,-1,-1,-1,-1
2022-02-21,3664.43,3828.98,3588.91,3598.87,40.1903946,1,-1,1,-1,1,-1,1,-1,-1,-1,-1,-1,-1,-1
2022-02-22,3590.24,3688.54,3484.61,3660.73,273.52850849,1,-1,1,-1,1,-1,1,-1,-1,1,-1,-1,-1,-1
2022-02-23,3663.83,3785.55,3566.09,3566.09,26.09308319,1,-1,1,-1,-1,1,1,-1,-1,-1,-1,-1,-1,-1
2022-02-24,3565.77,3799.71,3209.99,3636.53,128.447457,1,-1,1,-1,-1,1,1,-1,-1,-1,-1,-1,-1,-1
2022-02-25,3644.89,3919.04,3576.74,3856.71,63.89480409,1,-1,1,-1,1,-1,1,-1,-1,-1,-1,-1,-1,-1
2022-02-26,3853.04,3965.69,3809.33,3846.4,29.52841476,1,-1,1,-1,1,-1,1,-1,-1,-1,-1,-1,-1,-1
2022-02-27,3850.05,3930.28,3583.84,3651.28,73.96482057,1,-1,1,-1,1,-1,1,-1,-1,-1,-1,-1,-1,-1
2022-02-28,3623.03,4042.8,3586.86,4010.69,105.07542684,-1,1,1,-1,1,-1,1,-1,-1,-1,-1,-1,-1,-1
2022-03-01,4039.61,4170.17,3939.88,4101.23,39.26789286,-1,1,1,-1,1,-1,1,-1,-1,-1,-1,-1,-1,-1
2022-03-02,4103.33,4170.82,4002.37,4038.85,19.41327605,-1,1,1,-1,1,-1,1,-1,-1,-1,-1,-1,-1,-1
2022-03-03,4039.25,4066.13,3828.63,3881.96,20.5539949,-1,1,1,-1,1,-1,1,-1,-1,-1,-1,-1,-1,-1
2022-03-04,3871.78,3873.18,3514.47,3555.92,41.10887027,-1,1,1,-1,1,-1,1,-1,-1,-1,-1,-1,-1,-1
2022-03-05,3568.74,3640.29,3537.87,3629.6,10.23208673,-1,1,1,-1,1,-1,1,-1,-1,-1,-1,-1,-1,-1
2022-03-06,3631.16,3645.52,3439.17,3455.08,65.70416263,1,-1,1,-1,1,-1,1,-1,-1,-1,-1,-1,-1,-1
2022-03-07,3444.61,3600.37,3345.46,3413.83,215.99455732,1,-1,1,-1,1,-1,1,-1,-1,-1,-1,-1,-1,-1
2022-03-08,3404.55,3577.14,3397.39,3552.42,27.78809485,1,-1,1,-1,1,-1,1,-1,-1,-1,-1,-1,-1,-1
2022-03-09,3548.8,3778.92,3537.6,3736.39,308.87844952,1,-1,1,-1,1,-1,1,-1,-1,-1,-1,-1,-1,-1
2022-03-10,3729.68,3759.03,3498.0,3542.37,53.2379753,1,-1,1,-1,1,-1,1,-1,-1,-1,-1,-1,-1,-1
2022-03-11,3535.01,3643.22,3435.93,3511.44,32.97115949,1,-1,1,-1,1,-1,1,-1,-1,-1,-1,-1,-1,-1
2022-03-12,3515.06,3588.35,3512.15,3526.11,19.60163574,1,-1,1,-1,1,-1,1,-1,-1,-1,-1,-1,-1,-1
2022-03-13,3526.6,3568.76,3427.99,3456.28,36.8734716,-1,1,1,-1,1,-1,1,-1,-1,-1,-1,-1,-1,-1
2022-03-14,3452.59,3600.56,3447.56,3594.43,104.03172087,1,-1,1,-1,1,-1,1,-1,-1,-1,-1,-1,-1,-1
2022-03-15,3597.67,3701.61,3482.64,3658.01,228.5038861,-1,1,1,-1,1,-1,1,-1,-1,-1,-1,-1,-1,-1
2022-03-16,3641.42,3832.1,3631.75,3805.0,56.89627198,-1,1,1,-1,1,-1,1,-1,-1,-1,-1,-1,-1,-1
2022-03-17,3787.19,3854.26,3763.27,3827.95,29.24650783,-1,1,1,-1,1,-1,1,-1,-1,-1,-1,-1,-1,-1
2022-03-18,3822.93,4035.6,3754.49,3970.6,19.49684194,-1,1,1,-1,1,-1,1,-1,-1,-1,-1,-1,-1,-1
2022-03-19,3983.92,4026.66,3918.04,3980.31,47.21249185,-1,1,1,-1,1,-1,1,-1,-1,-1,-1,-1,-1,-1
2022-03-20,3993.7,4007.19,3828.17,3862.04,45.50005241,-1,1,1,-1,1,-1,1,-1,-1,-1,-1,-1,-1,-1
2022-03-21,3852.95,4001.52,3827.65,3934.37,32.16173176,-1,1,1,-1,1,-1,1,-1,-1,-1,-1,-1,-1,-1
2022-03-22,3921.54,4124.5,3917.49,3968.85,45.69054792,-1,1,1,-1,1,-1,1,-1,-1,-1,-1,-1,-1,-1
2022-03-23,3969.9,4070.53,3925.9,4046.2,37.47505843,-1,1,1,-1,1,-1,1,-1,-1,-1,-1,-1,-1,-1
2022-03-24,4059.2,4159.23,3871.74,4146.98,173.41885617,-1,1,-1,1,1,-1,1,-1,-1,-1,-1,-1,-1,-1
2022-03-25,4141.78,4244.76,4100.93,4152.59,139.71823313,-1,1,-1,1,1,-1,1,-1,-1,-1,-1,-1,-1,-1
2022-03-26,4149.4,4203.52,4123.63,4198.59,63.36236013,-1,1,-1,1,1,-1,1,-1,1,-1,-1,-1,-1,-1
2022-03-27,4190.81,4394.95,4172.39,4394.95,34.31275204,-1,1,-1,1,1,-1,1,-1,-1,-1,-1,-1,-1,-1
2022-03-28,4380.01,4585.39,4357.83,4450.79,57.91138715,-1,1,-1,1,1,-1,1,-1,-1,-1,-1,-1,-1,-1
2022-03-29,4441.77,4654.01,4439.6,4540.85,193.44893856,-1,1,-1,1,-1,1,1,-1,-1,-1,-1,-1,-1,-1
2022-03-30,4486.92,4554.89,4447.16,4512.64,254.89582045,-1,1,-1,1,-1,1,1,-1,-1,-1,-1,-1,-1,-1
2022-03-31,4508.35,4588.23,4351.48,4376.87,44.49425472,-1,1,-1,1,-1,1,1,-1,-1,-1,-1,-1,-1,-1
2022-04-01,4387.52,4644.76,4316.72,4607.48,11.51310023,-1,1,-1,1,-1,1,1,-1,-1,-1,-1,-1,-1,-1
2022-04-02,4595.78,4713.44,4595.78,4606.53,30.03272905,-1,1,-1,1,-1,1,1,-1,-1,-1,-1,-1,-1,-1
2022-04-03,4633.06,4781.02,4556.75,4703.76,29.45047017,-1,1,-1,1,-1,1,1,-1,-1,-1,-1,-1,-1,-1
2022-04-04,4689.77,4710.94,4537.47,4676.64,31.02242234,-1,1,-1,1,-1,1,1,-1,-1,-1,-1,-1,-1,-1
2022-04-05,4673.8,4690.62,4477.88,4521.71,41.64887408,-1,1,-1,1,-1,1,1,-1,-1,-1,-1,-1,-1,-1
2022-04-06,4470.87,4470.87,4214.15,4214.15,91.38421003,-1,1,-1,1,-1,1,1,-1,-1,-1,-1,-1,-1,-1
2022-04-07,4226.21,4370.13,4190.2,4340.01,42.76890864,1,-1,-1,1,-1,1,1,-1,-1,-1,-1,-1,-1,-1
2022-04-08,4324.47,4439.88,4253.72,4279.67,21.33352978,1,-1,-1,1,-1,1,1,-1,-1,-1,-1,-1,-1,-1
2022-04-09,4285.94,4396.85,4279.3,4389.37,11.16677753,1,-1,-1,1,-1,1,1,-1,-1,-1,-1,-1,-1,-1
2022-04-10,4378.04,4436.56,4299.97,4299.97,11.29173906,1,-1,-1,1,-1,1,1,-1,-1,-1,-1,-1,-1,-1
2022-04-11,4303.43,4320.48,3988.4,4033.01,53.55268731,1,-1,-1,1,-1,1,1,-1,-1,-1,-1,-1,-1,-1
2022-04-12,4020.87,4128.85,3980.44,4069.17,57.65998075,1,-1,-1,1,-1,1,1,-1,-1,-1,-1,-1,-1,-1
2022-04-13,4062.09,4206.18,4040.55,4194.78,33.41639597,1,-1,-1,1,-1,1,1,-1,-1,-1,-1,-1,-1,-1
2022-04-14,4185.32,4228.87,4028.53,4076.8,21.04860363,1,-1,-1,1,-1,1,1,-1,-1,-1,-1,-1,-1,-1
2022-04-15,4092.6,4126.98,4066.96,4126.23,45.60273462,1,-1,-1,1,-1,1,1,-1,-1,-1,-1,-1,-1,-1
2022-04-16,4112.88,4179.98,4087.79,4156.58,13.45516849,1,-1,-1,1,-1,1,1,-1,-1,-1,-1,-1,-1,-1
2022-04-17,4149.69,4169.08,4053.3,4053.3,8.25075308,1,-1,-1,1,-1,1,1,-1,-1,-1,-1,-1,-1,-1
2022-04-18,4049.37,4172.63,3931.21,4154.19,30.79800466,1,-1,-1,1,-1,1,-1,1,-1,-1,-1,-1,-1,-1
2022-04-19,4180.99,4243.85,4111.84,4198.68,34.87392285,-1,1,-1,1,-1,1,-1,1,-1,-1,-1,-1,-1,-1
2022-04-20,4200.01,4268.39,4093.57,4148.25,58.31480862,-1,1,-1,1,-1,1,-1,1,-1,-1,-1,-1,-1,-1
2022-04-21,4144.12,4278.6,4010.15,4063.25,67.93515004,1,-1,-1,1,-1,1,-1,1,-1,-1,-1,-1,-1,-1
2022-04-22,4058.52,4150.58,4051.38,4096.53,51.8961527,-1,1,-1,1,-1,1,-1,1,-1,-1,-1,-1,-1,-1
2022-04-23,4105.84,4139.83,4000.0,4046.38,54.63691213,1,-1,-1,1,-1,1,-1,1,-1,-1,-1,-1,-1,-1
2022-04-24,4052.78,4093.08,4033.75,4041.41,29.62895775,1,-1,-1,1,-1,1,-1,1,-1,-1,-1,-1,-1,-1
2022-04-25,4032.59,4206.18,3907.26,4182.18,28.76513238,1,-1,-1,1,-1,1,-1,1,-1,-1,-1,-1,-1,-1
2022-04-26,4183.27,4220.74,3891.07,3928.32,49.07662858,1,-1,1,-1,-1,1,-1,1,-1,-1,-1,-1,-1,-1
2022-04-27,3940.37,4073.59,3940.37,4057.96,62.40067469,1,-1,1,-1,-1,1,-1,1,-1,1,-1,-1,-1,-1
2022-04-28,4047.36,4189.38,4037.59,4131.34,32.65903492,1,-1,1,-1,-1,1,-1,1,-1,-1,-1,-1,-1,-1
2022-04-29,4127.14,4127.14,3925.04,3982.16,78.20201697,1,-1,1,-1,1,-1,-1,1,-1,1,-1,-1,-1,-1
2022-04-30,3986.52,4029.99,3865.05,3872.02,36.60789439,1,-1,1,-1,1,-1,-1,1,-1,-1,-1,-1,-1,-1
2022-05-01,3886.46,4016.9,3862.68,4008.91,8.17245479,1,-1,1,-1,1,-1,-1,1,-1,-1,-1,-1,-1,-1
2022-05-02,4018.51,4079.86,3950.29,4061.09,13.08296273,1,-1,1,-1,1,-1,-1,1,-1,-1,-1,-1,-1,-1
2022-05-03,4043.62,4046.23,3884.62,3921.05,19.97295289,1,-1,1,-1,1,-1,-1,1,-1,-1,-1,-1,-1,-1
2022-05-04,3925.69,4089.93,3924.8,4060.88,53.99028739,1,-1,1,-1,1,-1,-1,1,-1,-1,-1,-1,-1,-1
2022-05-05,4073.19,4085.13,3803.95,3869.8,57.71592017,1,-1,1,-1,1,-1,-1,1,-1,-1,-1,-1,-1,-1
2022-05-06,3838.35,3882.22,3739.95,3820.28,50.40504513,1,-1,1,-1,1,-1,-1,1,-1,-1,-1,-1,-1,-1
2022-05-07,3810.89,3846.41,3676.47,3707.39,106.20131163,1,-1,1,-1,1,-1,-1,1,-1,-1,-1,-1,-1,-1
2022-05-08,3730.23,3730.24,3529.28,3579.57,35.32684641,1,-1,1,-1,1,-1,-1,1,-1,-1,-1,-1,-1,-1
2022-05-09,3576.09,3601.75,3200.0,3200.0,215.33266332,1,-1,1,-1,1,-1,-1,1,-1,-1,-1,-1,-1,-1
2022-05-10,3208.88,3512.67,3168.78,3380.32,104.81145834,1,-1,1,-1,1,-1,-1,1,-1,-1,-1,-1,-1,-1
2022-05-11,3395.12,3492.05,2835.19,2983.28,138.12756078,1,-1,1,-1,1,-1,-1,1,-1,-1,-1,-1,-1,-1
2022-05-12,2989.36,3121.39,2420.0,2810.47,252.62730793,1,-1,1,-1,1,-1,-1,1,-1,-1,-1,-1,-1,-1
2022-05-13,2817.88,3090.22,2805.71,2891.9,29.88407102,1,-1,1,-1,1,-1,-1,1,-1,-1,-1,-1,-1,-1
2022-05-14,2899.99,2978.74,2815.23,2968.95,31.11429539,1,-1,1,-1,1,-1,-1,1,-1,-1,-1,-1,-1,-1
2022-05-15,2959.5,3124.04,2886.77,3084.74,24.02057748,1,-1,1,-1,1,-1,-1,1,-1,-1,-1,-1,-1,-1
2022-05-16,3080.89,3080.89,2857.0,2897.84,35.77238136,1,-1,1,-1,1,-1,-1,1,-1,-1,-1,-1,-1,-1
2022-05-17,2902.56,3006.66,2869.95,2974.05,132.97761113,1,-1,1,-1,1,-1,-1,1,-1,-1,-1,-1,-1,-1
2022-05-18,2971.76,2989.72,2737.42,2737.42,31.34845293,1,-1,1,-1,1,-1,-1,1,-1,-1,-1,-1,-1,-1
2022-05-19,2733.1,2871.75,2726.48,2867.27,24.66200515,1,-1,1,-1,1,-1,1,-1,-1,-1,-1,1,-1,-1
2022-05-20,2852.41,2908.64,2737.42,2777.49,9.12566439,1,-1,1,-1,1,-1,1,-1,-1,-1,-1,-1,-1,-1
2022-05-21,2773.17,2816.12,2756.07,2805.1,9.73044622,1,-1,1,-1,1,-1,1,-1,-1,-1,-1,-1,-1,-1
2022-05-22,2793.71,2898.47,2787.99,2897.54,5.69617427,1,-1,1,-1,1,-1,1,-1,-1,-1,-1,-1,-1,-1
2022-05-23,2877.48,2921.77,2764.06,2780.52,23.93612041,1,-1,1,-1,1,-1,1,-1,-1,-1,-1,-1,-1,-1
2022-05-24,2789.32,2812.58,2700.0,2784.04,29.93387313,1,-1,1,-1,1,-1,1,-1,-1,-1,-1,-1,-1,-1
2022-05-25,2774.51,2842.7,2742.47,2758.67,31.6024663,1,-1,1,-1,1,-1,1,-1,-1,-1,-1,-1,-1,-1
2022-05-26,2750.53,2751.74,2469.69,2521.11,52.68280273,1,-1,1,-1,1,-1,1,-1,-1,-1,-1,-1,-1,-1
2022-05-27,2538.02,2541.39,2387.74,2406.54,103.38543263,1,-1,1,-1,1,-1,1,-1,-1,-1,-1,-1,-1,-1
2022-05-28,2411.3,2521.77,2407.47,2506.71,10.58518298,1,-1,1,-1,1,-1,1,-1,-1,-1,-1,-1,-1,-1
2022-05-29,2503.54,2540.87,2464.52,2519.11,16.24228685,1,-1,1,-1,1,-1,1,-1,-1,-1,-1,-1,-1,1
2022-05-30,2520.85,2792.39,2510.97,2780.44,59.61671832,1,-1,1,-1,1,-1,1,-1,-1,-1,-1,-1,-1,-1
2022-05-31,2770.23,2782.19,2684.52,2707.02,23.98871617,1,-1,1,-1,1,-1,1,-1,-1,-1,-1,-1,-1,-1
2022-06-01,2706.28,2720.96,2460.01,2540.57,60.64190639,1,-1,1,-1,1,-1,1,-1,-1,-1,-1,-1,-1,-1
2022-06-02,2529.77,2554.58,2472.04,2528.72,50.43486259,-1,1,1,-1,1,-1,1,-1,-1,-1,-1,-1,-1,-1
2022-06-03,2519.36,2533.56,2404.5,2458.92,17.04821046,-1,1,1,-1,1,-1,1,-1,-1,-1,-1,-1,-1,-1
2022-06-04,2464.23,2516.25,2428.72,2489.38,10.29971689,1,-1,1,-1,1,-1,1,-1,-1,-1,-1,-1,-1,-1
2022-06-05,2510.94,2532.6,2461.2,2509.63,19.2789988,1,-1,1,-1,1,-1,1,-1,-1,-1,-1,-1,-1,-1
2022-06-06,2518.45,2647.63,2518.45,2587.7,20.69703083,1,-1,1,-1,1,-1,1,-1,-1,-1,-1,-1,-1,-1
2022-06-07,2576.04,2577.46,2412.0,2510.14,50.04703191,1,-1,1,-1,1,-1,1,-1,-1,-1,-1,-1,-1,-1
2022-06-08,2518.26,2541.07,2456.01,2495.54,26.88553109,1,-1,1,-1,1,-1,1,-1,-1,-1,-1,-1,-1,-1
2022-06-09,2486.17,2542.71,2479.83,2506.54,47.54058022,1,-1,1,-1,1,-1,1,-1,-1,-1,-1,-1,-1,-1
2022-06-10,2506.54,2530.03,2351.05,2351.05,91.02082315,1,-1,1,-1,1,-1,1,-1,-1,-1,-1,-1,-1,-1
2022-06-11,2359.42,2383.69,2132.42,2172.14,80.61875388,1,-1,1,-1,1,-1,1,-1,-1,-1,-1,-1,-1,-1
2022-06-12,2177.47,2186.93,2023.65,2043.98,92.24496726,1,-1,1,-1,1,-1,1,-1,-1,-1,-1,-1,-1,-1
2022-06-13,2040.03,2062.8,1683.87,1735.78,275.30265045,1,-1,1,-1,1,-1,1,-1,-1,-1,-1,-1,-1,-1
2022-06-14,1733.04,1843.08,1550.0,1762.08,257.6849151,1,-1,1,-1,1,-1,1,-1,-1,-1,-1,-1,-1,-1
2022-06-15,1750.98,1775.45,1468.14,1763.38,335.23472837,1,-1,1,-1,1,-1,1,-1,-1,-1,-1,-1,-1,-1
2022-06-16,1762.49,1783.9,1493.65,1509.39,154.62828349,1,-1,1,-1,1,-1,1,-1,-1,-1,-1,-1,-1,-1
2022-06-17,1513.02,1591.59,1500.53,1564.73,42.85212822,1,-1,1,-1,1,-1,1,-1,-1,-1,-1,-1,-1,-1
2022-06-18,1559.56,1577.98,1279.58,1439.59,205.48937382,1,-1,1,-1,1,-1,1,-1,-1,-1,-1,-1,-1,-1
2022-06-19,1434.83,1658.28,1349.37,1625.37,118.36816286,1,-1,1,-1,1,-1,1,-1,-1,-1,-1,-1,-1,-1
2022-06-20,1626.12,1665.0,1516.88,1624.04,74.95406413,1,-1,1,-1,1,-1,1,-1,-1,-1,-1,-1,-1,-1
2022-06-21,1616.08,1707.34,1591.42,1618.09,61.88795926,1,-1,1,-1,1,-1,1,-1,-1,-1,-1,-1,-1,-1
2022-06-22,1600.04,1619.15,1516.15,1522.37,39.28719568,1,-1,1,-1,1,-1,1,-1,-1,-1,-1,-1,-1,-1
2022-06-23,1519.34,1664.14,1519.34,1656.35,31.57863562,-1,1,1,-1,1,-1,1,-1,-1,-1,-1,-1,-1,-1
2022-06-24,1669.55,1792.52,1642.69,1763.13,70.15821235,-1,1,1,-1,1,-1,1,-1,-1,-1,-1,-1,-1,-1
2022-06-25,1763.28,1803.96,1704.77,1791.06,47.29836438,-1,1,1,-1,1,-1,1,-1,-1,-1,-1,-1,-1,-1
2022-06-26,1791.69,1839.34,1730.53,1730.53,43.14123885,-1,1,1,-1,1,-1,1,-1,-1,-1,-1,-1,-1,-1
2022-06-27,1723.11,1780.55,1698.08,1722.47,32.35272474,-1,1,1,-1,1,-1,1,-1,-1,-1,-1,-1,-1,-1
2022-06-28,1720.8,1772.15,1641.38,1648.73,45.5711268,-1,1,1,-1,1,-1,1,-1,-1,-1,-1,-1,-1,-1
2022-06-29,1645.3,1668.89,1578.67,1592.55,198.49153408,-1,1,1,-1,1,-1,1,-1,-1,-1,-1,-1,-1,-1
2022-06-30,1599.39,1604.01,1448.0,1546.44,100.84513727,1,-1,1,-1,1,-1,1,-1,-1,-1,-1,-1,-1,-1
2022-07-01,1543.28,1599.87,1519.06,1548.08,162.3310162,1,-1,1,-1,1,-1,1,-1,-1,-1,-1,-1,-1,-1
2022-07-02,1560.0,1575.43,1515.14,1572.36,38.92125221,1,-1,1,-1,1,-1,1,-1,-1,-1,-1,-1,-1,-1
2022-07-03,1564.95,1589.24,1533.67,1574.18,54.26219831,1,-1,1,-1,1,-1,1,-1,-1,-1,-1,-1,-1,-1
2022-07-04,1570.22,1684.56,1528.1,1684.56,65.23284216,1,-1,1,-1,1,-1,1,-1,-1,-1,-1,-1,-1,-1
2022-07-05,1675.32,1717.39,1595.88,1664.47,87.13165051,1,-1,1,-1,1,-1,1,-1,-1,-1,-1,-1,-1,-1
2022-07-06,1668.51,1757.36,1630.4,1749.87,23.42998792,-1,1,1,-1,1,-1,1,-1,-1,-1,-1,-1,-1,-1
2022-07-07,1747.93,1830.73,1704.93,1810.91,104.75848781,-1,1,1,-1,1,-1,1,-1,-1,-1,-1,-1,-1,-1
2022-07-08,1802.77,1862.42,1750.82,1761.0,116.96120615,-1,1,1,-1,1,-1,1,-1,-1,-1,-1,-1,-1,-1
2022-07-09,1773.26,1795.02,1761.03,1773.84,37.34128411,-1,1,1,-1,1,-1,1,-1,-1,-1,-1,-1,-1,-1
2022-07-10,1772.82,1774.18,1689.67,1707.78,22.19843908,-1,1,1,-1,1,-1,1,-1,-1,-1,-1,-1,-1,-1
2022-07-11,1700.8,1709.35,1619.27,1619.27,171.50398774,-1,1,1,-1,1,-1,1,-1,-1,-1,-1,-1,-1,-1
2022-07-12,1611.07,1622.18,1510.0,1532.87,54.37341246,1,-1,1,-1,1,-1,1,-1,-1,-1,-1,-1,-1,-1
2022-07-13,1536.99,1653.21,1500.0,1653.21,34.95366587,1,-1,1,-1,1,-1,1,-1,-1,-1,-1,-1,-1,-1
2022-07-14,1656.48,1784.27,1602.94,1762.9,83.02621053,1,-1,1,-1,1,-1,1,-1,-1,-1,-1,-1,-1,-1
2022-07-15,1756.49,1879.5,1753.44,1808.84,94.89382147,1,-1,1,-1,1,-1,1,-1,-1,-1,-1,-1,-1,-1
2022-07-16,1807.82,2073.48,1757.24,2002.25,94.34302472,-1,1,1,-1,1,-1,1,-1,-1,-1,-1,-1,-1,-1
2022-07-17,2028.88,2029.44,1960.19,1979.71,31.95698349,-1,1,1,-1,1,-1,1,-1,1,-1,-1,-1,-1,-1
2022-07-18,1970.96,2324.87,1969.96,2324.87,446.99448896,-1,1,1,-1,1,-1,1,-1,-1,-1,-1,-1,-1,-1
2022-07-19,2336.29,2369.31,2187.58,2243.8,195.32464486,-1,1,1,-1,1,-1,1,-1,-1,-1,-1,-1,-1,-1
2022-07-20,2233.1,2347.58,2183.29,2216.86,108.38209589,-1,1,-1,1,1,-1,1,-1,-1,-1,-1,-1,-1,-1
2022-07-21,2225.11,2317.68,2130.87,2284.03,110.66805758,-1,1,-1,1,1,-1,1,-1,-1,-1,-1,-1,-1,-1
2022-07-22,2299.02,2376.79,2205.67,2222.7,207.56349409,-1,1,-1,1,1,-1,1,-1,-1,-1,-1,-1,-1,-1
2022-07-23,2212.94,2309.49,2164.57,2241.09,41.44404975,-1,1,-1,1,-1,1,1,-1,-1,-1,-1,-1,-1,-1
2022-07-24,2251.09,2400.0,2244.59,2313.62,22.11385202,-1,1,-1,1,-1,1,1,-1,-1,-1,-1,-1,-1,-1
2022-07-25,2330.4,2330.4,2082.2,2082.62,117.51594706,-1,1,-1,1,-1,1,1,-1,-1,-1,-1,-1,-1,-1
2022-07-26,2055.29,2094.81,1966.69,2094.81,144.25870375,1,-1,-1,1,-1,1,1,-1,-1,-1,-1,-1,-1,-1
2022-07-27,2093.16,2367.33,2067.8,2352.9,207.99479822,1,-1,-1,1,-1,1,1,-1,-1,-1,-1,-1,-1,-1
2022-07-28,2341.08,2554.85,2302.19,2476.18,364.78156196,-1,1,-1,1,-1,1,1,-1,-1,-1,-1,-1,-1,-1
2022-07-29,2470.0,2532.81,2406.39,2480.65,126.37854259,-1,1,-1,1,-1,1,1,-1,-1,-1,-1,-1,-1,-1
2022-07-30,2470.8,2496.44,2401.21,2443.33,64.37920299,-1,1,-1,1,-1,1,1,-1,-1,-1,-1,-1,-1,-1
2022-07-31,2460.34,2534.31,2399.94,2404.52,68.40206873,-1,1,-1,1,-1,1,1,-1,-1,-1,-1,-1,-1,-1
2022-08-01,2415.92,2442.47,2304.15,2328.05,69.68317195,-1,1,-1,1,-1,1,1,-1,-1,-1,-1,-1,-1,-1
2022-08-02,2345.11,2413.89,2249.94,2368.55,82.94157832,-1,1,-1,1,-1,1,1,-1,-1,-1,-1,-1,-1,-1
2022-08-03,2378.45,2426.03,2314.23,2334.06,68.64581448,-1,1,-1,1,-1,1,1,-1,-1,-1,-1,-1,-1,-1
2022-08-04,2341.8,2387.69,2275.59,2311.56,63.62833637,1,-1,-1,1,-1,1,1,-1,-1,-1,-1,-1,-1,-1
2022-08-05,2311.16,2510.0,2311.16,2510.0,122.39602688,1,-1,-1,1,-1,1,1,-1,-1,-1,-1,-1,-1,-1
2022-08-06,2517.81,2523.36,2450.0,2455.23,23.71524972,1,-1,-1,1,-1,1,1,-1,-1,-1,-1,-1,-1,-1
2022-08-07,2448.43,2498.93,2419.71,2466.04,35.82830207,-1,1,-1,1,-1,1,1,-1,-1,-1,-1,-1,-1,-1
2022-08-08,2486.0,2600.0,2451.73,2542.48,104.79766117,-1,1,-1,1,-1,1,1,-1,-1,-1,-1,-1,-1,-1
2022-08-09,2545.97,2564.47,2400.0,2445.52,88.41471322,-1,1,-1,1,-1,1,1,-1,-1,-1,-1,-1,-1,-1
2022-08-10,2429.68,2654.7,2389.19,2618.08,137.44626634,-1,1,-1,1,-1,1,1,-1,-1,-1,-1,-1,-1,-1
2022-08-11,2625.27,2733.29,2625.27,2644.65,158.75015844,-1,1,-1,1,-1,1,1,-1,-1,-1,-1,-1,-1,-1
2022-08-12,2651.05,2758.34,2620.11,2758.34,179.05322288,-1,1,-1,1,-1,1,1,-1,-1,-1,-1,-1,-1,-1
2022-08-13,2748.39,2832.84,2748.38,2792.0,81.5102462,-1,1,-1,1,-1,1,1,-1,-1,-1,-1,-1,-1,-1
2022-08-14,2791.07,2857.31,2706.93,2731.94,45.44146955,-1,1,-1,1,-1,1,1,-1,-1,-1,-1,-1,-1,-1
2022-08-15,2724.3,2839.4,2671.76,2726.41,178.20260487,-1,1,-1,1,-1,1,1,-1,-1,-1,-1,-1,-1,-1
2022-08-16,2701.27,2741.78,2650.91,2680.23,89.93008537,-1,1,-1,1,-1,1,1,-1,-1,-1,-1,-1,-1,-1
2022-08-17,2678.55,2805.37,2641.49,2654.57,83.60383419,-1,1,-1,1,-1,1,1,-1,-1,-1,-1,-1,-1,-1
2022-08-18,2645.21,2724.83,2645.21,2703.18,41.61965297,-1,1,-1,1,-1,1,1,-1,-1,-1,-1,-1,-1,-1
2022-08-19,2665.63,2665.63,2341.67,2343.84,265.35116665,1,-1,-1,1,-1,1,1,-1,-1,-1,-1,-1,-1,-1
2022-08-20,2350.76,2411.19,2261.61,2297.12,114.50129589,1,-1,-1,1,-1,1,1,-1,-1,-1,-1,-1,-1,-1
2022-08-21,2317.83,2387.16,2295.33,2365.37,6.18008799,1,-1,-1,1,-1,1,1,-1,-1,-1,-1,-1,-1,-1
2022-08-22,2357.58,2360.94,2247.21,2358.83,149.40671578,1,-1,-1,1,-1,1,-1,1,-1,-1,-1,-1,-1,-1
2022-08-23,2373.5,2411.92,2282.39,2406.49,91.07263011,1,-1,-1,1,-1,1,-1,1,-1,-1,-1,-1,-1,-1
2022-08-24,2391.84,2451.52,2327.17,2400.14,155.11939451,1,-1,-1,1,-1,1,-1,1,-1,-1,-1,-1,-1,-1
2022-08-25,2418.96,2474.45,2403.42,2440.95,40.84431655,1,-1,-1,1,-1,1,-1,1,-1,-1,-1,-1,-1,-1
2022-08-26,2417.16,2454.37,2185.66,2186.34,79.7129188,1,-1,-1,1,-1,1,-1,1,-1,-1,-1,-1,-1,-1
2022-08-27,2180.65,2212.35,2127.96,2168.97,82.59869326,1,-1,-1,1,-1,1,-1,1,-1,-1,-1,-1,-1,-1
2022-08-28,2167.26,2196.75,2100.0,2100.0,40.89936465,1,-1,1,-1,-1,1,-1,1,-1,-1,-1,-1,-1,-1
2022-08-29,2084.43,2258.65,2084.43,2257.74,55.66661819,1,-1,1,-1,-1,1,-1,1,-1,-1,-1,-1,-1,-1
2022-08-30,2238.91,2311.55,2164.12,2226.74,86.61016591,1,-1,1,-1,-1,1,-1,1,-1,-1,-1,-1,-1,-1
2022-08-31,2228.24,2350.0,2228.24,2273.21,146.86725287,1,-1,1,-1,-1,1,-1,1,-1,-1,-1,-1,-1,-1
2022-09-01,2281.47,2350.2,2238.63,2334.83,324.85573169,1,-1,1,-1,-1,1,-1,1,-1,-1,-1,-1,-1,-1
2022-09-02,2322.31,2407.87,2285.55,2318.98,113.62721648,-1,1,1,-1,-1,1,-1,1,-1,-1,-1,-1,-1,-1
2022-09-03,2312.0,2325.44,2268.65,2288.18,9.75549132,-1,1,1,-1,1,-1,-1,1,-1,-1,-1,-1,-1,-1
2022-09-04,2294.38,2328.09,2275.58,2325.45,54.50146797,-1,1,1,-1,1,-1,-1,1,-1,-1,-1,-1,-1,-1
2022-09-05,2339.66,2382.95,2301.03,2381.13,84.25661705,-1,1,1,-1,1,-1,-1,1,-1,-1,-1,-1,-1,-1
2022-09-06,2406.13,2484.06,2316.83,2326.24,48.07125457,-1,1,1,-1,1,-1,-1,1,-1,-1,-1,-1,-1,-1
2022-09-07,2317.2,2443.88,2225.29,2414.83,75.06860112,-1,1,1,-1,1,-1,-1,1,-1,-1,-1,-1,-1,-1
2022-09-08,2422.41,2461.22,2372.6,2415.6,53.54749993,-1,1,1,-1,1,-1,-1,1,-1,-1,-1,-1,-1,-1
2022-09-09,2416.75,2545.93,2406.86,2511.99,55.97567411,-1,1,1,-1,1,-1,-1,1,-1,-1,-1,-1,-1,-1
2022-09-10,2510.95,2615.65,2488.14,2597.61,54.12169203,-1,1,1,-1,1,-1,-1,1,-1,-1,-1,-1,-1,-1
2022-09-11,2606.62,2612.25,2526.91,2580.81,33.59571485,-1,1,1,-1,1,-1,-1,1,-1,-1,-1,-1,-1,-1
2022-09-12,2585.45,2595.77,2471.76,2480.85,50.70273727,-1,1,-1,1,1,-1,-1,1,-1,-1,-1,-1,-1,-1
2022-09-13,2493.89,2549.92,2330.71,2336.23,105.32427254,-1,1,-1,1,1,-1,-1,1,-1,-1,-1,-1,-1,-1
2022-09-14,2330.0,2436.58,2320.29,2421.84,34.87840536,-1,1,-1,1,1,-1,-1,1,-1,-1,-1,-1,-1,-1
2022-09-15,2426.74,2548.08,2197.88,2212.32,194.76481819,1,-1,1,-1,1,-1,-1,1,-1,-1,-1,-1,-1,-1
2022-09-16,2208.47,2219.89,2111.01,2124.54,206.76075149,1,-1,1,-1,1,-1,-1,1,-1,-1,-1,-1,-1,-1
2022-09-17,2149.12,2195.46,2101.42,2193.4,71.62914292,1,-1,1,-1,1,-1,-1,1,-1,-1,-1,-1,-1,-1
2022-09-18,2180.2,2180.2,1981.93,1981.93,47.36304605,1,-1,1,-1,1,-1,-1,1,-1,1,-1,-1,-1,-1
2022-09-19,1989.33,2073.0,1912.38,2057.94,118.8799551,1,-1,1,-1,1,-1,-1,1,-1,-1,-1,-1,-1,-1
2022-09-20,2052.81,2062.32,1975.0,1976.32,47.13262303,1,-1,1,-1,1,-1,-1,1,-1,-1,-1,-1,-1,-1
2022-09-21,1971.83,2104.59,1851.41,1903.24,180.28509071,1,-1,1,-1,1,-1,-1,1,-1,-1,-1,-1,-1,-1
2022-09-22,1894.05,2016.59,1879.4,2002.77,67.53400133,1,-1,1,-1,1,-1,-1,1,-1,-1,-1,-1,-1,-1
2022-09-23,2003.07,2050.59,1936.37,2038.31,70.5598699,1,-1,1,-1,1,-1,-1,1,-1,-1,-1,-1,-1,-1
2022-09-24,2019.37,2064.91,2010.86,2020.41,16.18195008,1,-1,1,-1,1,-1,-1,1,-1,-1,-1,-1,-1,-1
2022-09-25,2016.89,2043.39,1954.18,1984.9,25.87730782,1,-1,1,-1,1,-1,-1,1,-1,-1,-1,-1,-1,-1
2022-09-26,1998.19,2065.39,1977.07,2065.39,18.01309767,1,-1,1,-1,1,-1,-1,1,-1,-1,-1,-1,-1,-1
2022-09-27,2070.9,2155.72,2032.04,2062.65,83.8467277,-1,1,1,-1,1,-1,-1,1,-1,-1,-1,-1,-1,-1
2022-09-28,2072.96,2073.8,1963.94,2059.21,57.61639256,-1,1,1,-1,1,-1,-1,1,-1,-1,-1,-1,-1,-1
2022-09-29,2064.52,2076.35,2000.64,2050.42,40.19477869,-1,1,1,-1,1,-1,-1,1,-1,-1,-1,-1,-1,-1
2022-09-30,2056.25,2128.47,2038.28,2073.7,57.92822077,-1,1,1,-1,1,-1,-1,1,-1,-1,-1,-1,-1,-1
2022-10-01,2078.88,2084.86,2042.2,2056.72,13.77412242,-1,1,1,-1,1,-1,-1,1,-1,-1,-1,-1,-1,-1
2022-10-02,2053.07,2059.74,1985.56,1985.93,97.74522835,-1,1,1,-1,1,-1,-1,1,-1,-1,-1,-1,-1,-1
2022-10-03,1988.72,2038.93,1978.77,2030.5,48.18047671,-1,1,1,-1,1,-1,-1,1,-1,-1,-1,-1,-1,-1
2022-10-04,2040.64,2102.24,2031.3,2094.76,85.68300409,-1,1,1,-1,1,-1,-1,1,-1,-1,-1,-1,-1,-1
2022-10-05,2085.71,2100.6,2044.38,2078.16,34.19016022,1,-1,1,-1,1,-1,-1,1,-1,-1,-1,-1,-1,-1
2022-10-06,2092.07,2133.86,2092.07,2104.14,58.91980165,1,-1,1,-1,1,-1,-1,1,-1,-1,-1,-1,-1,-1
2022-10-07,2115.15,2122.76,2071.35,2093.28,83.40572306,-1,1,1,-1,1,-1,-1,1,-1,-1,-1,-1,-1,-1
2022-10-08,2102.08,2102.08,2055.27,2065.42,25.16849845,-1,1,1,-1,1,-1,-1,1,-1,-1,-1,-1,-1,-1
2022-10-09,2063.41,2088.59,1900.0,2068.81,195.29400732,-1,1,1,-1,1,-1,1,-1,-1,1,-1,-1,-1,-1
2022-10-10,2072.79,2089.61,2050.0,2054.2,91.190356,-1,1,1,-1,1,-1,1,-1,-1,-1,-1,-1,-1,-1
2022-10-11,2050.0,2053.98,2026.25,2043.12,78.62140578,-1,1,1,-1,1,-1,1,-1,-1,-1,-1,-1,-1,-1
2022-10-12,2043.57,2087.07,2043.57,2062.0,71.94911792,1,-1,1,-1,1,-1,1,-1,-1,-1,-1,-1,-1,-1
2022-10-13,2061.82,2065.28,1900.0,2042.85,179.08393602,1,-1,1,-1,1,-1,1,-1,-1,-1,-1,-1,-1,-1
2022-10-14,2043.61,2123.88,2043.61,2093.46,64.97996009,1,-1,1,-1,1,-1,1,-1,-1,-1,-1,-1,-1,-1
2022-10-15,2088.27,2095.69,2049.73,2060.2,23.6769168,1,-1,1,-1,1,-1,1,-1,-1,-1,-1,-1,-1,-1
2022-10-16,2062.31,2108.34,2058.77,2092.81,22.2442377,-1,1,1,-1,1,-1,1,-1,-1,-1,-1,-1,-1,-1
2022-10-17,2096.33,2126.19,2078.18,2115.23,53.14999066,-1,1,1,-1,1,-1,1,-1,-1,-1,-1,-1,-1,-1
2022-10-18,2110.13,2124.4,2062.21,2072.11,81.95522295,-1,1,1,-1,1,-1,1,-1,-1,-1,-1,-1,-1,-1
2022-10-19,2073.51,2084.37,2046.25,2054.73,30.27925436,-1,1,1,-1,1,-1,1,-1,-1,-1,-1,-1,-1,-1
2022-10-20,2043.54,2067.76,2035.3,2042.96,47.05433252,-1,1,1,-1,1,-1,1,-1,-1,-1,-1,-1,-1,-1
2022-10-21,2045.86,2063.2,2025.44,2039.57,47.19336264,1,-1,1,-1,1,-1,1,-1,-1,-1,-1,-1,-1,-1
2022-10-22,2044.3,2070.0,2034.22,2062.88,8.92562956,1,-1,1,-1,1,-1,1,-1,-1,-1,-1,-1,-1,-1
2022-10-23,2056.82,2148.46,2051.51,2140.7,55.57330357,1,-1,1,-1,1,-1,1,-1,-1,-1,-1,-1,-1,-1
2022-10-24,2143.78,2151.2,2111.45,2125.54,47.78821103,-1,1,1,-1,1,-1,1,-1,-1,-1,-1,-1,-1,-1
2022-10-25,2125.81,2400.39,2113.53,2290.87,195.76443663,-1,1,1,-1,1,-1,1,-1,-1,-1,-1,-1,-1,-1
2022-10-26,2300.78,2446.01,2296.03,2413.29,163.97820135,-1,1,1,-1,1,-1,1,-1,-1,-1,-1,-1,-1,-1
2022-10-27,2415.47,2436.59,2339.52,2348.85,35.64235445,-1,1,-1,1,1,-1,1,-1,-1,-1,-1,-1,-1,-1
2022-10-28,2346.8,2449.04,2321.78,2430.01,37.77969103,-1,1,-1,1,1,-1,1,-1,-1,-1,-1,-1,-1,-1
2022-10-29,2417.58,2587.69,2417.58,2523.91,68.78902797,-1,1,-1,1,-1,1,1,-1,-1,-1,-1,-1,-1,-1
2022-10-30,2512.39,2553.81,2468.02,2482.2,19.42895293,-1,1,-1,1,-1,1,1,-1,-1,-1,-1,-1,-1,-1
2022-10-31,2475.85,2552.22,2432.06,2459.81,25.22117769,-1,1,-1,1,-1,1,1,-1,-1,-1,-1,-1,-1,-1
2022-11-01,2449.65,2495.89,2448.87,2471.58,49.91823435,-1,1,-1,1,-1,1,1,-1,-1,-1,-1,-1,-1,-1
2022-11-02,2472.29,2498.59,2367.81,2397.49,67.85550938,-1,1,-1,1,-1,1,1,-1,-1,-1,-1,-1,-1,-1
2022-11-03,2401.83,2471.29,2401.83,2432.67,19.04191537,-1,1,-1,1,-1,1,1,-1,-1,-1,-1,-1,-1,-1
2022-11-04,2432.44,2583.75,2432.44,2545.81,87.9788113,-1,1,-1,1,-1,1,1,-1,-1,-1,-1,-1,-1,-1
2022-11-05,2536.89,2566.67,2517.77,2518.91,12.89509785,-1,1,-1,1,-1,1,1,-1,-1,-1,-1,-1,-1,-1
2022-11-06,2518.91,2528.04,2435.65,2438.95,79.38652273,1,-1,-1,1,-1,1,1,-1,-1,-1,-1,-1,-1,-1
2022-11-07,2434.5,2486.38,2400.0,2426.23,60.58895925,-1,1,-1,1,-1,1,1,-1,-1,-1,-1,-1,-1,-1
2022-11-08,2426.24,2439.11,1928.81,2061.52,227.37330458,1,-1,-1,1,-1,1,1,-1,-1,-1,-1,-1,-1,-1
2022-11-09,2053.49,2059.81,1679.11,1711.02,462.20997361,1,-1,-1,1,-1,1,1,-1,-1,-1,-1,-1,-1,-1
2022-11-10,1719.31,2031.16,1693.11,1965.28,307.66215946,1,-1,-1,1,-1,1,1,-1,-1,-1,-1,-1,-1,-1
2022-11-11,1969.91,1980.25,1826.07,1920.72,141.58160664,1,-1,-1,1,-1,1,1,-1,-1,-1,-1,-1,-1,-1
2022-11-12,1917.47,1917.47,1853.98,1867.66,186.15700356,1,-1,-1,1,-1,1,1,-1,-1,-1,-1,-1,-1,-1
2022-11-13,1867.44,1892.73,1801.54,1818.93,81.91235917,1,-1,1,-1,-1,1,1,-1,-1,-1,-1,-1,-1,-1
2022-11-14,1813.36,1909.99,1736.45,1844.29,300.5409075,1,-1,1,-1,-1,1,1,-1,-1,-1,-1,-1,-1,-1
2022-11-15,1852.72,1885.8,1835.12,1841.87,77.93426601,1,-1,1,-1,-1,1,1,-1,-1,-1,-1,-1,-1,-1
2022-11-16,1846.37,1869.99,1761.54,1801.29,69.82742666,1,-1,1,-1,-1,1,1,-1,-1,-1,-1,-1,-1,-1
2022-11-17,1806.84,1816.9,1766.57,1783.5,144.92461664,1,-1,1,-1,-1,1,1,-1,-1,-1,-1,-1,-1,-1
2022-11-18,1791.59,1823.55,1770.11,1803.23,216.27950644,1,-1,1,-1,-1,1,1,-1,-1,-1,-1,-1,-1,-1
2022-11-19,1808.55,1841.17,1797.96,1821.11,49.27810808,1,-1,1,-1,1,-1,1,-1,-1,-1,-1,-1,-1,-1
2022-11-20,1822.55,1834.7,1698.29,1698.29,54.98585381,1,-1,1,-1,1,-1,1,-1,-1,-1,-1,-1,-1,-1
2022-11-21,1699.29,1724.27,1643.27,1670.4,55.98405665,1,-1,1,-1,1,-1,1,-1,-1,-1,-1,-1,-1,-1
2022-11-22,1679.13,1727.12,1615.85,1707.91,1833.48481303,1,-1,1,-1,1,-1,1,-1,-1,-1,-1,-1,-1,-1
2022-11-23,1705.81,1774.0,1696.62,1758.28,64.82306606,1,-1,1,-1,1,-1,1,-1,-1,-1,-1,-1,-1,-1
2022-11-24,1756.75,1795.62,1754.28,1782.02,44.94867532,1,-1,1,-1,1,-1,1,-1,-1,-1,-1,-1,-1,-1
2022-11-25,1778.39,1785.0,1729.55,1780.66,124.98420195,1,-1,1,-1,1,-1,1,-1,-1,-1,-1,-1,-1,-1
2022-11-26,1777.91,1828.82,1777.91,1780.0,49.1252365,-1,1,1,-1,1,-1,1,-1,-1,-1,-1,1,-1,-1
2022-11-27,1787.99,1813.4,1778.57,1778.58,30.64993282,-1,1,1,-1,1,-1,1,-1,-1,-1,-1,-1,-1,-1
2022-11-28,1784.52,1784.53,1730.7,1760.52,62.96208638,-1,1,1,-1,1,-1,1,-1,-1,-1,-1,-1,-1,-1
2022-11-29,1760.06,1833.03,1747.85,1833.03,339.92252815,-1,1,1,-1,1,-1,1,-1,-1,-1,-1,-1,-1,-1
2022-11-30,1818.94,1924.56,1818.94,1909.93,62.46601818,-1,1,1,-1,1,-1,1,-1,-1,-1,-1,-1,-1,-1
2022-12-01,1902.76,1902.81,1863.62,1871.93,98.1623981,-1,1,1,-1,1,-1,1,-1,-1,-1,-1,-1,-1,-1
2022-12-02,1874.97,1909.35,1864.13,1909.35,50.47671327,-1,1,1,-1,1,-1,1,-1,-1,-1,-1,-1,-1,-1
2022-12-03,1911.79,1917.29,1827.49,1827.49,66.69348896,-1,1,1,-1,1,-1,1,-1,-1,-1,-1,-1,-1,-1
2022-12-04,1839.34,1886.91,1839.34,1882.53,12.89739963,-1,1,1,-1,1,-1,1,-1,-1,-1,-1,-1,-1,-1
2022-12-05,1881.23,1918.26,1864.71,1875.94,36.60460624,-1,1,1,-1,1,-1,1,-1,-1,-1,-1,-1,-1,-1
2022-12-06,1875.1,1901.16,1855.83,1898.0,95.36998673,-1,1,1,-1,1,-1,1,-1,-1,-1,-1,-1,-1,-1
2022-12-07,1898.89,1902.23,1823.76,1831.58,51.2287025,-1,1,1,-1,1,-1,1,-1,-1,-1,-1,-1,-1,-1
2022-12-08,1838.15,1911.34,1821.77,1892.29,66.06979029,-1,1,1,-1,1,-1,1,-1,-1,-1,-1,-1,-1,-1
2022-12-09,1893.15,1906.49,1851.96,1860.02,48.69922407,1,-1,1,-1,1,-1,1,-1,-1,-1,-1,-1,-1,-1
2022-12-10,1855.42,1891.09,1855.42,1864.95,43.52282943,1,-1,1,-1,1,-1,1,-1,-1,-1,-1,-1,-1,-1
2022-12-11,1865.18,1888.21,1851.69,1863.95,62.59408004,1,-1,1,-1,1,-1,1,-1,-1,-1,-1,-1,-1,-1
2022-12-12,1863.72,1888.5,1837.35,1885.29,67.62628522,-1,1,1,-1,1,-1,1,-1,-1,-1,-1,-1,-1,-1
2022-12-13,1882.82,1959.01,1856.99,1922.71,153.77007929,-1,1,1,-1,1,-1,1,-1,-1,-1,-1,-1,-1,-1
2022-12-14,1923.63,1954.31,1900.0,1907.12,46.57808531,-1,1,1,-1,1,-1,1,-1,-1,-1,-1,-1,-1,-1
2022-12-15,1904.17,1909.57,1873.18,1882.51,88.69764412,-1,1,1,-1,1,-1,1,-1,-1,-1,-1,-1,-1,-1
2022-12-16,1886.22,1904.37,1731.92,1739.22,195.30196526,-1,1,1,-1,1,-1,1,-1,-1,-1,-1,-1,-1,-1
2022-12-17,1742.82,1777.25,1738.12,1773.25,54.40791446,1,-1,1,-1,1,-1,1,-1,-1,-1,-1,-1,-1,-1
2022-12-18,1769.85,1786.72,1753.33,1774.71,18.19934984,1,-1,1,-1,1,-1,1,-1,-1,-1,-1,-1,-1,-1
2022-12-19,1775.13,1775.13,1726.24,1736.05,12.83924537,1,-1,1,-1,1,-1,1,-1,-1,-1,-1,-1,-1,-1
2022-12-20,1749.53,1836.22,1749.53,1819.27,77.19842422,1,-1,1,-1,1,-1,1,-1,-1,-1,-1,-1,-1,-1
2022-12-21,1819.02,1825.01,1801.86,1805.59,52.01158986,1,-1,1,-1,1,-1,1,-1,-1,-1,-1,-1,-1,-1
2022-12-22,1809.41,1854.98,1775.28,1821.21,98.72238105,1,-1,1,-1,1,-1,1,-1,-1,-1,-1,-1,-1,-1
2022-12-23,1825.59,1832.0,1807.74,1814.19,78.80463771,1,-1,1,-1,1,-1,1,-1,-1,-1,-1,-1,-1,-1
2022-12-24,1813.88,1824.65,1806.71,1817.82,24.42511338,-1,1,1,-1,1,-1,1,-1,-1,-1,-1,-1,-1,-1
2022-12-25,1821.2,1823.79,1786.58,1817.31,52.56090275,-1,1,1,-1,1,-1,1,-1,-1,-1,-1,-1,-1,-1
2022-12-26,1818.28,1825.29,1804.98,1821.04,28.54693132,-1,1,1,-1,1,-1,1,-1,-1,-1,-1,-1,-1,-1
2022-12-27,1822.24,1826.35,1788.53,1802.57,40.48041509,-1,1,1,-1,-1,1,1,-1,-1,-1,-1,-1,-1,-1
2022-12-28,1797.79,1798.0,1756.3,1763.99,86.90565536,-1,1,1,-1,-1,1,1,-1,-1,-1,-1,-1,-1,-1
2022-12-29,1761.34,1791.53,1761.34,1772.87,53.90834494,1,-1,1,-1,1,-1,1,-1,-1,-1,-1,-1,-1,-1
2022-12-30,1775.7,1775.78,1745.83,1758.36,37.5552743,1,-1,1,-1,1,-1,1,-1,-1,-1,-1,-1,-1,-1
2022-12-31,1759.26,1768.54,1751.1,1756.84,20.37167522,1,-1,1,-1,1,-1,1,-1,-1,-1,-1,-1,-1,-1
2023-01-01,1753.68,1768.14,1750.01,1763.33,20.91802935,1,-1,1,-1,1,-1,1,-1,-1,-1,-1,-1,-1,-1
2023-01-02,1761.82,1797.2,1756.86,1782.65,34.7209356,1,-1,1,-1,1,-1,1,-1,-1,-1,-1,-1,-1,-1
2023-01-03,1786.86,1812.7,1780.86,1807.78,38.38936245,1,-1,1,-1,1,-1,1,-1,-1,-1,-1,-1,-1,-1
2023-01-04,1804.37,1848.0,1803.58,1840.22,53.64275997,-1,1,1,-1,1,-1,1,-1,-1,-1,-1,-1,-1,-1
2023-01-05,1839.79,1857.97,1829.85,1851.31,48.08236788,-1,1,1,-1,1,-1,1,-1,-1,-1,-1,-1,-1,-1
2023-01-06,1852.07,1854.99,1832.34,1847.17,85.34868068,-1,1,1,-1,1,-1,1,-1,-1,-1,-1,-1,-1,-1
2023-01-07,1847.17,1848.58,1837.76,1840.4,89.79163044,-1,1,1,-1,1,-1,1,-1,-1,-1,-1,-1,-1,-1
2023-01-08,1843.15,1875.78,1834.04,1869.98,103.51918587,-1,1,1,-1,1,-1,1,-1,-1,-1,-1,-1,-1,-1
2023-01-09,1870.37,1931.08,1866.62,1909.46,85.78209747,-1,1,-1,1,1,-1,1,-1,-1,-1,-1,-1,-1,-1
2023-01-10,1913.5,1950.0,1911.49,1933.97,74.17994713,-1,1,-1,1,1,-1,1,-1,1,-1,-1,-1,-1,-1
2023-01-11,1935.04,2017.3,1915.96,2008.4,95.06441627,-1,1,-1,1,1,-1,1,-1,-1,-1,-1,-1,-1,-1
2023-01-12,2014.6,2061.94,1947.15,2035.44,97.46877169,-1,1,-1,1,-1,1,1,-1,-1,-1,-1,-1,-1,-1
2023-01-13,2031.85,2088.73,2015.95,2076.21,45.48150819,-1,1,-1,1,-1,1,1,-1,-1,-1,-1,-1,-1,-1
2023-01-14,2089.25,2272.83,2089.25,2226.87,127.49824303,-1,1,-1,1,-1,1,1,-1,-1,-1,-1,-1,-1,-1
2023-01-15,2222.5,2240.26,2175.82,2220.58,22.44641159,-1,1,-1,1,-1,1,1,-1,-1,-1,-1,-1,-1,-1
2023-01-16,2223.05,2300.0,2189.9,2269.42,66.0051025,-1,1,-1,1,-1,1,1,-1,-1,-1,-1,-1,-1,-1
2023-01-17,2256.92,2297.35,2223.74,2252.13,98.92855811,-1,1,-1,1,-1,1,1,-1,-1,-1,-1,-1,-1,-1
2023-01-18,2243.72,2278.19,2152.03,2175.62,58.70767773,-1,1,-1,1,-1,1,1,-1,-1,-1,-1,-1,-1,-1
2023-01-19,2176.21,2250.39,2168.66,2245.0,46.98036711,-1,1,-1,1,-1,1,1,-1,-1,-1,-1,-1,-1,-1
2023-01-20,2238.23,2387.0,2225.9,2383.84,65.0976619,-1,1,-1,1,-1,1,1,-1,-1,-1,-1,-1,-1,-1
2023-01-21,2386.98,2400.89,2332.81,2334.38,49.30982514,-1,1,-1,1,-1,1,1,-1,-1,-1,-1,-1,-1,-1
2023-01-22,2347.24,2386.02,2309.6,2332.53,91.96239105,-1,1,-1,1,-1,1,1,-1,-1,-1,-1,-1,-1,-1
2023-01-23,2334.98,2356.65,2283.47,2315.44,65.39354112,-1,1,-1,1,-1,1,1,-1,-1,-1,-1,-1,-1,-1
2023-01-24,2312.57,2332.0,2176.74,2210.33,46.12915105,-1,1,-1,1,-1,1,1,-1,-1,-1,-1,-1,-1,-1
2023-01-25,2205.29,2299.33,2150.81,2269.94,91.7362683,-1,1,-1,1,-1,1,1,-1,-1,-1,-1,-1,-1,-1
2023-01-26,2267.42,2288.34,2236.19,2259.91,42.64660622,1,-1,-1,1,-1,1,1,-1,-1,-1,-1,-1,-1,-1
2023-01-27,2252.99,2270.01,2182.18,2248.18,84.45763655,1,-1,-1,1,-1,1,1,-1,-1,-1,-1,-1,-1,-1
2023-01-28,2252.02,2259.91,2203.49,2212.02,30.43592529,1,-1,-1,1,-1,1,1,-1,-1,-1,-1,-1,-1,-1
2023-01-29,2212.4,2339.01,2212.4,2307.64,54.35216686,1,-1,-1,1,-1,1,1,-1,-1,-1,-1,-1,-1,-1
2023-01-30,2317.95,2318.0,2183.22,2225.0,69.16524318,1,-1,-1,1,-1,1,1,-1,-1,-1,-1,-1,-1,-1
2023-01-31,2225.0,2275.0,2223.39,2250.75,63.20501042,1,-1,-1,1,-1,1,1,-1,-1,-1,-1,-1,-1,-1
2023-02-01,2257.3,2310.0,2217.0,2310.0,63.16577332,-1,1,-1,1,-1,1,1,-1,-1,-1,-1,-1,-1,-1
2023-02-02,2303.89,2420.33,2303.89,2341.24,84.00095427,-1,1,-1,1,-1,1,-1,1,-1,-1,-1,-1,-1,-1
2023-02-03,2334.41,2410.18,2314.49,2399.51,87.42592871,-1,1,-1,1,-1,1,-1,1,-1,-1,-1,-1,-1,-1
2023-02-04,2403.19,2454.98,2380.04,2408.23,128.51255622,-1,1,-1,1,-1,1,-1,1,-1,-1,-1,-1,-1,-1
2023-02-05,2412.81,2415.98,2337.92,2358.36,92.77745849,-1,1,-1,1,-1,1,-1,1,-1,-1,-1,-1,-1,-1
2023-02-06,2369.6,2404.47,2328.23,2344.21,123.50010912,-1,1,-1,1,-1,1,-1,1,-1,-1,-1,-1,-1,-1
2023-02-07,2341.6,2401.08,2341.6,2400.45,48.64843604,-1,1,-1,1,-1,1,-1,1,-1,-1,-1,-1,-1,-1
2023-02-08,2400.22,2430.0,2357.22,2384.44,43.87058307,-1,1,-1,1,-1,1,-1,1,-1,-1,-1,-1,-1,-1
2023-02-09,2384.4,2395.0,2202.22,2231.87,111.02935677,-1,1,-1,1,-1,1,-1,1,-1,-1,-1,-1,-1,-1
2023-02-10,2232.72,2239.36,2167.54,2185.54,65.51235839,1,-1,-1,1,-1,1,-1,1,-1,-1,-1,-1,-1,-1
2023-02-11,2184.43,2230.04,2184.43,2228.52,35.52893868,1,-1,-1,1,-1,1,-1,1,-1,-1,-1,-1,-1,-1
2023-02-12,2223.8,2238.24,2170.53,2187.13,18.14756618,1,-1,-1,1,-1,1,-1,1,-1,-1,-1,-1,-1,-1
2023-02-13,2190.12,2204.24,2121.66,2150.03,33.38415594,1,-1,-1,1,-1,1,-1,1,-1,-1,-1,-1,-1,-1
2023-02-14,2158.25,2237.34,2150.55,2222.84,93.87257182,1,-1,-1,1,-1,1,-1,1,-1,-1,-1,-1,-1,-1
2023-02-15,2224.32,2422.07,2205.96,2422.07,156.37280443,1,-1,-1,1,-1,1,-1,1,-1,-1,-1,-1,-1,-1
2023-02-16,2422.13,2521.72,2388.91,2391.93,202.61299308,1,-1,-1,1,-1,1,-1,1,-1,-1,-1,-1,-1,-1
2023-02-17,2396.92,2485.34,2396.92,2470.0,106.78853202,-1,1,-1,1,-1,1,-1,1,-1,-1,-1,-1,-1,-1
2023-02-18,2463.75,2484.34,2449.71,2455.58,20.09520601,-1,1,-1,1,-1,1,-1,1,-1,-1,-1,-1,-1,-1
2023-02-19,2459.58,2512.15,2435.13,2445.26,62.0284518,-1,1,-1,1,-1,1,-1,1,-1,-1,-1,-1,-1,-1
2023-02-20,2447.53,2488.0,2408.87,2465.25,76.07172487,-1,1,-1,1,-1,1,-1,1,-1,-1,-1,-1,-1,-1
2023-02-21,2465.89,2488.0,2395.2,2419.99,135.58578244,-1,1,-1,1,-1,1,-1,1,-1,-1,-1,-1,-1,-1
2023-02-22,2420.59,2423.25,2349.58,2418.63,120.82494878,-1,1,-1,1,-1,1,-1,1,-1,-1,-1,-1,-1,-1
2023-02-23,2415.59,2452.63,2401.04,2424.53,138.47998408,-1,1,-1,1,-1,1,-1,1,-1,-1,-1,-1,-1,-1
2023-02-24,2426.2,2449.07,2350.0,2397.07,123.49757473,1,-1,-1,1,-1,1,-1,1,-1,-1,-1,-1,-1,-1
2023-02-25,2391.99,2393.08,2320.47,2371.66,33.35849071,1,-1,-1,1,-1,1,-1,1,-1,-1,-1,-1,-1,-1
2023-02-26,2372.68,2450.0,2367.95,2437.93,42.16989248,1,-1,-1,1,-1,1,-1,1,-1,-1,-1,-1,-1,-1
2023-02-27,2435.07,2471.44,2401.89,2421.16,32.56874764,1,-1,-1,1,-1,1,-1,1,-1,-1,-1,-1,-1,-1
2023-02-28,2419.56,2440.27,2377.13,2391.38,62.13294722,1,-1,-1,1,-1,1,-1,1,-1,-1,-1,-1,-1,-1
2023-03-01,2382.5,2467.99,2382.5,2465.45,85.26964728,1,-1,-1,1,-1,1,-1,1,-1,-1,-1,-1,-1,-1
2023-03-02,2461.33,2475.72,2411.0,2448.7,43.67895268,-1,1,-1,1,-1,1,-1,1,-1,-1,-1,-1,-1,-1
2023-03-03,2443.65,2443.65,2294.8,2316.08,70.60516799,1,-1,-1,1,-1,1,-1,1,-1,-1,-1,-1,-1,-1
2023-03-04,2316.26,2329.5,2298.68,2321.19,24.28101765,1,-1,-1,1,-1,1,-1,1,-1,-1,-1,-1,-1,-1
2023-03-05,2323.76,2350.58,2306.31,2320.62,73.96871662,1,-1,-1,1,-1,1,-1,1,-1,-1,-1,-1,-1,-1
2023-03-06,2314.11,2348.63,2308.35,2328.81,46.98816388,1,-1,-1,1,-1,1,-1,1,-1,-1,-1,-1,-1,-1
2023-03-07,2320.63,2369.89,2315.0,2369.89,49.57813565,1,-1,-1,1,-1,1,-1,1,-1,-1,-1,-1,-1,-1
2023-03-08,2371.84,2378.12,2316.36,2324.57,56.68429801,1,-1,-1,1,-1,1,-1,1,-1,-1,-1,-1,-1,-1
2023-03-09,2327.26,2337.66,2142.32,2184.7,106.99384724,1,-1,-1,1,-1,1,-1,1,-1,-1,-1,-1,-1,-1
2023-03-10,2174.12,2177.77,2081.01,2171.25,51.79350001,1,-1,1,-1,-1,1,-1,1,-1,-1,-1,-1,-1,-1
2023-03-11,2167.7,2252.87,1891.0,2213.04,497.38672903,1,-1,1,-1,-1,1,-1,1,-1,-1,-1,-1,-1,-1
2023-03-12,2227.73,2400.0,2204.23,2374.79,107.54565065,1,-1,1,-1,-1,1,-1,1,-1,-1,-1,-1,-1,-1
2023-03-13,2392.78,2513.77,2350.37,2488.59,514.9029458,1,-1,1,-1,-1,1,-1,1,-1,-1,-1,-1,-1,-1
2023-03-14,2481.4,2650.71,2470.01,2534.66,502.25038656,-1,1,1,-1,-1,1,-1,1,-1,-1,-1,-1,-1,-1
2023-03-15,2505.4,2548.77,2457.51,2499.39,111.85765238,-1,1,-1,1,-1,1,-1,1,-1,-1,-1,-1,-1,-1
2023-03-16,2497.01,2535.99,2469.14,2513.99,99.13715582,-1,1,-1,1,-1,1,-1,1,-1,-1,-1,-1,-1,-1
2023-03-17,2513.06,2686.95,2513.0,2676.2,201.74929728,-1,1,-1,1,-1,1,-1,1,-1,-1,-1,-1,-1,-1
2023-03-18,2671.88,2749.46,2632.1,2632.1,43.5603693,-1,1,-1,1,-1,1,-1,1,-1,-1,-1,-1,-1,-1
2023-03-19,2636.37,2745.46,2636.37,2673.58,68.88556041,-1,1,-1,1,-1,1,-1,1,-1,-1,-1,-1,-1,-1
2023-03-20,2641.0,2694.13,2581.28,2581.28,195.36689469,-1,1,-1,1,-1,1,-1,1,-1,-1,-1,-1,-1,-1
2023-03-21,2602.35,2741.29,2583.96,2693.81,52.92476864,-1,1,-1,1,-1,1,-1,1,-1,-1,-1,-1,-1,-1
2023-03-22,2704.51,2726.23,2562.68,2597.38,80.35285395,-1,1,-1,1,-1,1,-1,1,-1,-1,-1,-1,-1,-1
2023-03-23,2593.78,2765.63,2580.0,2720.12,49.71935768,-1,1,-1,1,-1,1,-1,1,-1,-1,-1,-1,-1,-1
2023-03-24,2721.02,2730.75,2601.04,2632.58,267.76444695,-1,1,-1,1,-1,1,-1,1,-1,-1,-1,-1,-1,-1
2023-03-25,2635.12,2648.1,2585.0,2627.4,139.9784092,-1,1,-1,1,-1,1,-1,1,-1,-1,-1,-1,-1,-1
2023-03-26,2626.04,2701.7,2623.5,2674.67,24.93725196,1,-1,-1,1,-1,1,-1,1,-1,-1,-1,-1,-1,-1
2023-03-27,2667.17,2667.17,2545.15,2573.61,68.5792526,-1,1,-1,1,-1,1,-1,1,-1,-1,-1,-1,-1,-1
2023-03-28,2581.57,2658.32,2550.0,2636.86,67.40748293,1,-1,-1,1,-1,1,-1,1,-1,-1,-1,-1,-1,-1
2023-03-29,2640.46,2723.65,2640.46,2684.21,124.68299791,1,-1,-1,1,-1,1,-1,1,-1,-1,-1,-1,-1,-1
2023-03-30,2681.73,2726.69,2631.64,2669.56,91.83576147,1,-1,-1,1,-1,1,-1,1,-1,-1,-1,-1,-1,-1
2023-03-31,2659.79,2749.72,2659.79,2722.88,95.27093908,-1,1,-1,1,-1,1,-1,1,-1,-1,-1,-1,-1,-1
2023-04-01,2720.51,2738.64,2706.64,2723.96,16.01548655,-1,1,-1,1,-1,1,-1,1,-1,-1,-1,-1,-1,-1
2023-04-02,2706.07,2726.56,2659.46,2666.15,32.17889794,-1,1,-1,1,-1,1,-1,1,-1,-1,-1,-1,-1,-1
2023-04-03,2690.92,2711.39,2616.92,2660.81,76.07844992,-1,1,-1,1,-1,1,-1,1,-1,-1,-1,-1,-1,-1
2023-04-04,2665.98,2808.44,2661.33,2766.78,175.857461,-1,1,-1,1,-1,1,-1,1,-1,-1,-1,-1,-1,-1
2023-04-05,2760.74,2876.77,2760.59,2840.11,135.23204716,-1,1,-1,1,-1,1,-1,1,-1,-1,-1,-1,-1,-1
2023-04-06,2833.81,2833.81,2773.51,2800.97,77.16819725,-1,1,-1,1,-1,1,-1,1,-1,-1,-1,-1,-1,-1
2023-04-07,2804.69,2814.78,2760.26,2794.39,21.98031359,-1,1,-1,1,-1,1,-1,1,-1,-1,-1,-1,-1,-1
2023-04-08,2799.45,2810.88,2769.62,2781.34,14.03658536,-1,1,-1,1,-1,1,-1,1,-1,-1,-1,-1,-1,-1
2023-04-09,2770.65,2807.67,2744.94,2783.42,21.3950959,-1,1,-1,1,-1,1,-1,1,-1,-1,-1,-1,-1,-1
2023-04-10,2787.74,2891.43,2776.24,2869.98,162.45550914,-1,1,-1,1,-1,1,-1,1,-1,-1,-1,-1,-1,-1
2023-04-11,2873.08,2899.64,2829.99,2840.98,102.67974749,-1,1,-1,1,-1,1,-1,1,1,-1,-1,-1,-1,-1
2023-04-12,2838.35,2884.98,2785.94,2866.14,146.65996745,-1,1,-1,1,-1,1,-1,1,-1,-1,-1,-1,-1,-1
2023-04-13,2856.43,2979.34,2825.54,2972.55,170.18097097,-1,1,-1,1,-1,1,-1,1,1,-1,-1,-1,-1,-1
2023-04-14,2970.03,3159.87,2970.03,3133.28,325.4159649,-1,1,-1,1,-1,1,-1,1,-1,-1,-1,-1,-1,-1
2023-04-15,3128.53,3149.3,3098.06,3121.96,87.11456409,-1,1,-1,1,-1,1,-1,1,-1,-1,-1,-1,-1,-1
2023-04-16,3116.72,3193.81,3105.41,3153.63,84.63397682,-1,1,-1,1,-1,1,-1,1,-1,-1,-1,-1,-1,-1
2023-04-17,3155.64,3155.64,3069.31,3091.1,204.90864874,-1,1,-1,1,-1,1,-1,1,-1,-1,-1,-1,-1,-1
2023-04-18,3094.25,3144.75,3068.8,3115.6,66.73633391,-1,1,-1,1,-1,1,-1,1,-1,-1,-1,-1,-1,-1
2023-04-19,3111.55,3118.83,2872.36,2880.8,109.08802398,-1,1,-1,1,-1,1,-1,1,-1,-1,-1,-1,-1,-1
2023-04-20,2880.48,2926.98,2846.84,2883.29,24.5259049,-1,1,-1,1,-1,1,-1,1,-1,-1,-1,-1,-1,-1
2023-04-21,2877.7,2901.13,2735.0,2772.47,95.99781971,1,-1,-1,1,-1,1,-1,1,-1,-1,-1,-1,-1,-1
2023-04-22,2763.64,2818.69,2761.63,2818.08,135.25714012,1,-1,-1,1,-1,1,-1,1,-1,-1,-1,-1,-1,-1
2023-04-23,2810.28,2822.13,2762.2,2795.77,16.65536395,1,-1,-1,1,-1,1,-1,1,-1,-1,-1,-1,-1,-1
2023-04-24,2792.56,2828.04,2711.67,2749.84,113.39961737,1,-1,-1,1,-1,1,-1,1,-1,-1,-1,-1,-1,-1
2023-04-25,2748.0,2827.22,2714.0,2809.15,49.82608517,1,-1,-1,1,-1,1,-1,1,-1,-1,-1,-1,-1,-1
2023-04-26,2811.47,2957.25,2707.0,2816.42,215.76604818,1,-1,-1,1,-1,1,-1,1,-1,-1,-1,-1,-1,-1
