timestamp,open,high,low,close,volume,bollinger_buy_5_10,bollinger_sell_5_10,bollinger_buy_10_50,bollinger_sell_10_50,bollinger_buy_20_50,bollinger_sell_20_50,bollinger_buy_50_100,bollinger_sell_50_100,adx_buy_10,adx_sell_10,adx_buy_15,adx_sell_15,rsi_buy_10,rsi_sell_10,rsi_buy_15,rsi_sell_15
2021-05-08,2.02413,2.06012,1.99041,2.00753,10629.06789203,-1,-1,-1,-1,-1,-1,-1,-1,-1,-1,-1,-1,-1,-1,-1,-1
2021-05-09,2.01595,2.01595,1.85221,1.94616,116384.69651205,-1,-1,-1,-1,-1,-1,-1,-1,-1,-1,-1,-1,-1,-1,-1,-1
2021-05-10,2.01671,2.05358,1.62554,1.76755,122861.96161971,-1,-1,-1,-1,-1,-1,-1,-1,-1,-1,-1,-1,-1,-1,-1,-1
2021-05-11,1.79834,1.88781,1.7465,1.88781,110002.68464766,-1,-1,-1,-1,-1,-1,-1,-1,-1,-1,-1,-1,-1,-1,-1,-1
2021-05-12,1.92788,1.98704,1.63253,1.63253,89329.04819492,-1,-1,-1,-1,-1,-1,-1,-1,-1,-1,-1,-1,-1,-1,-1,-1
2021-05-13,1.6596,1.80554,1.59803,1.75088,173397.4164692,-1,-1,-1,-1,-1,-1,-1,-1,-1,-1,-1,-1,-1,-1,-1,-1
2021-05-14,1.77142,1.87569,1.73311,1.82,48097.39541887,-1,-1,-1,-1,-1,-1,-1,-1,-1,-1,-1,-1,-1,-1,-1,-1
2021-05-15,1.80206,2.0325,1.73048,1.9171,100437.52412991,-1,-1,-1,-1,-1,-1,-1,-1,-1,-1,-1,-1,-1,-1,-1,-1
2021-05-16,1.91976,2.06435,1.75174,1.87607,104433.5566766,-1,-1,-1,-1,-1,-1,-1,-1,-1,-1,-1,-1,-1,-1,-1,-1
2021-05-17,1.87938,2.02057,1.71656,1.899,111590.79459627,-1,1,-1,-1,-1,-1,-1,-1,-1,-1,-1,-1,-1,-1,-1,-1
2021-05-18,1.9366,2.18144,1.9107,2.0422,55077.8392636,-1,1,-1,-1,-1,-1,-1,-1,-1,-1,-1,-1,-1,-1,-1,-1
2021-05-19,2.0359,2.085,1.2785,1.38,829726.43065004,-1,1,-1,-1,-1,-1,-1,-1,-1,-1,-1,-1,1,-1,-1,-1
2021-05-20,1.39774,1.63694,1.21484,1.52521,347661.55777854,1,-1,-1,-1,-1,-1,-1,-1,-1,-1,-1,-1,-1,-1,-1,-1
2021-05-21,1.54755,1.57128,1.12564,1.28898,303621.56118337,1,-1,-1,-1,-1,-1,-1,-1,-1,-1,-1,-1,-1,-1,-1,-1
2021-05-22,1.30316,1.31157,1.07338,1.17957,165005.28508569,1,-1,-1,-1,-1,-1,-1,-1,-1,-1,-1,-1,1,-1,1,-1
2021-05-23,1.16775,1.24857,0.84889,1.02119,314459.92825489,1,-1,-1,-1,-1,-1,-1,-1,-1,-1,-1,-1,1,-1,1,-1
2021-05-24,1.06638,1.28377,1.0,1.27336,165725.57360796,1,-1,-1,-1,-1,-1,-1,-1,-1,-1,-1,-1,-1,-1,-1,-1
2021-05-25,1.27401,1.3671,1.15439,1.25513,141839.24946821,1,-1,-1,-1,-1,-1,-1,-1,-1,-1,-1,-1,-1,-1,-1,-1
2021-05-26,1.24318,1.3738,1.23542,1.30347,158368.71589919,1,-1,-1,-1,-1,-1,-1,-1,-1,-1,-1,-1,-1,-1,-1,-1
2021-05-27,1.3061,1.33548,1.20896,1.25393,135663.12637467,1,-1,-1,-1,-1,-1,-1,-1,-1,1,-1,-1,-1,-1,-1,-1
2021-05-28,1.25,1.27032,1.10656,1.16531,93615.45287178,1,-1,-1,-1,-1,-1,-1,-1,-1,-1,-1,-1,-1,-1,-1,-1
2021-05-29,1.17269,1.21448,1.0411,1.09447,28154.83857277,1,-1,-1,-1,-1,-1,-1,-1,-1,-1,-1,-1,-1,-1,-1,-1
2021-05-30,1.07563,1.2041,1.03968,1.18398,21359.66692016,1,-1,-1,-1,-1,-1,-1,-1,-1,-1,-1,-1,-1,-1,-1,-1
2021-05-31,1.20368,1.32694,1.15249,1.29082,46933.31615491,1,-1,-1,-1,-1,-1,-1,-1,-1,-1,-1,-1,-1,-1,-1,-1
2021-06-01,1.38562,1.41577,1.28616,1.30107,43746.68183999,1,-1,-1,-1,-1,-1,-1,-1,-1,-1,-1,-1,-1,-1,-1,-1
2021-06-02,1.31724,1.35057,1.26659,1.32863,41385.89886288,1,-1,-1,-1,-1,-1,-1,-1,-1,-1,-1,-1,-1,-1,-1,-1
2021-06-03,1.32505,1.39841,1.31339,1.37429,94173.06090839,-1,1,-1,-1,-1,-1,-1,-1,-1,-1,-1,-1,-1,-1,-1,-1
2021-06-04,1.3515,1.3515,1.2,1.24225,52270.130934,-1,1,-1,-1,-1,-1,-1,-1,-1,-1,-1,-1,-1,-1,-1,-1
2021-06-05,1.27177,1.28947,1.16474,1.18413,16110.57012766,-1,1,-1,-1,-1,-1,-1,-1,-1,-1,-1,-1,-1,-1,-1,-1
2021-06-06,1.2,1.22909,1.2,1.21051,24457.7294014,-1,1,-1,-1,-1,-1,-1,-1,-1,-1,-1,1,-1,-1,-1,-1
2021-06-07,1.23425,1.25803,1.09916,1.10532,47876.06765339,1,-1,-1,-1,-1,-1,-1,-1,-1,-1,-1,-1,-1,-1,-1,-1
2021-06-08,1.12331,1.14162,1.04088,1.12911,30023.13148582,1,-1,-1,-1,-1,-1,-1,-1,-1,-1,-1,-1,-1,-1,-1,-1
2021-06-09,1.129,1.19036,1.08,1.19036,28461.82331741,1,-1,-1,-1,-1,-1,-1,-1,-1,-1,-1,-1,-1,-1,-1,-1
2021-06-10,1.1938,1.1938,1.11119,1.13204,9162.08342153,1,-1,-1,-1,-1,-1,-1,-1,-1,-1,-1,-1,-1,-1,-1,-1
2021-06-11,1.11578,1.13336,1.08355,1.10058,8746.0806264,1,-1,-1,-1,-1,-1,-1,-1,-1,-1,-1,-1,-1,-1,-1,-1
2021-06-12,1.08008,1.09076,1.04056,1.08529,34113.34352792,1,-1,-1,-1,-1,-1,-1,-1,-1,-1,-1,-1,-1,-1,-1,-1
2021-06-13,1.09139,1.14945,1.06968,1.14945,11495.21414345,1,-1,-1,-1,-1,-1,-1,-1,-1,-1,-1,-1,-1,-1,-1,-1
2021-06-14,1.14134,1.19191,1.12348,1.15212,40627.78790542,1,-1,-1,-1,-1,-1,-1,-1,-1,-1,-1,-1,-1,-1,-1,-1
2021-06-15,1.16714,1.16953,1.11792,1.1251,17831.2890607,1,-1,-1,-1,-1,-1,-1,-1,-1,-1,-1,-1,-1,-1,-1,-1
2021-06-16,1.12197,1.13069,1.076,1.08845,35233.50007973,1,-1,-1,-1,-1,-1,-1,-1,-1,-1,-1,-1,-1,-1,-1,-1
2021-06-17,1.09909,1.1268,1.09,1.113,61851.7355723,1,-1,-1,-1,-1,-1,-1,-1,-1,-1,-1,-1,-1,-1,-1,-1
2021-06-18,1.11148,1.11484,1.03355,1.06568,29560.28309533,1,-1,-1,-1,-1,-1,-1,-1,-1,-1,-1,-1,-1,-1,-1,-1
2021-06-19,1.07897,1.07991,1.02014,1.02014,4188.24723836,1,-1,-1,-1,-1,-1,-1,-1,-1,-1,-1,-1,-1,-1,-1,-1
2021-06-20,1.013,1.04752,0.94,1.033,24833.59936224,1,-1,-1,-1,-1,-1,-1,-1,-1,-1,-1,-1,-1,-1,-1,-1
2021-06-21,1.02101,1.02101,0.81155,0.81155,58849.81748734,1,-1,-1,-1,-1,-1,-1,-1,-1,-1,-1,-1,1,-1,1,-1
2021-06-22,0.80604,0.8672,0.68243,0.72,117366.39490468,1,-1,-1,-1,-1,-1,-1,-1,-1,-1,-1,-1,1,-1,1,-1
2021-06-23,0.724,0.87429,0.71233,0.84638,91002.54657537,1,-1,-1,-1,-1,-1,-1,-1,-1,-1,-1,-1,-1,-1,-1,-1
2021-06-24,0.86146,0.91069,0.82323,0.88552,30043.56065652,1,-1,-1,-1,-1,-1,-1,-1,-1,-1,-1,-1,-1,-1,-1,-1
2021-06-25,0.87269,0.90105,0.80407,0.81429,14234.01318534,1,-1,-1,-1,-1,-1,-1,-1,-1,-1,-1,-1,-1,-1,-1,-1
2021-06-26,0.82,0.82707,0.77125,0.81283,14371.04175939,1,-1,1,-1,1,-1,-1,-1,-1,-1,-1,-1,-1,-1,-1,-1
2021-06-27,0.82326,0.85696,0.79703,0.85696,34320.49687926,1,-1,1,-1,1,-1,-1,-1,-1,-1,-1,-1,-1,-1,-1,-1
2021-06-28,0.85899,0.85979,0.83202,0.847,22396.48348435,1,-1,1,-1,1,-1,-1,-1,-1,-1,-1,-1,-1,-1,-1,-1
2021-06-29,0.85442,0.96399,0.85442,0.925,59676.64437099,1,-1,1,-1,1,-1,-1,-1,-1,-1,-1,-1,-1,-1,-1,-1
2021-06-30,0.94304,0.94304,0.87584,0.92445,116552.27862706,-1,1,1,-1,1,-1,-1,-1,-1,-1,-1,-1,-1,-1,-1,-1
2021-07-01,0.92549,0.92813,0.872,0.887,56324.13266421,-1,1,1,-1,1,-1,-1,-1,-1,-1,-1,-1,-1,-1,-1,-1
2021-07-02,0.88066,0.88462,0.84841,0.86178,20525.93675078,-1,1,1,-1,1,-1,-1,-1,-1,-1,-1,-1,-1,-1,-1,-1
2021-07-03,0.86815,0.90354,0.86815,0.88607,15439.42505773,-1,1,1,-1,1,-1,-1,-1,-1,-1,-1,-1,-1,-1,-1,-1
2021-07-04,0.89342,0.93972,0.887,0.923,49804.2994792,-1,1,1,-1,1,-1,-1,-1,-1,-1,-1,-1,-1,-1,-1,-1
2021-07-05,0.92,0.92301,0.861,0.877,25328.33103918,-1,1,1,-1,1,-1,-1,-1,-1,-1,-1,-1,-1,-1,-1,-1
2021-07-06,0.877,0.89699,0.86954,0.88284,30262.41645169,1,-1,1,-1,1,-1,-1,-1,-1,-1,-1,-1,-1,-1,-1,-1
2021-07-07,0.88499,0.89699,0.87,0.87,17614.15490805,1,-1,1,-1,1,-1,-1,-1,-1,-1,-1,-1,-1,-1,-1,-1
2021-07-08,0.86407,0.86407,0.82542,0.84041,54295.30692165,1,-1,1,-1,1,-1,-1,-1,-1,-1,-1,-1,-1,-1,-1,-1
2021-07-09,0.819,0.85993,0.8102,0.85761,7408.13001724,1,-1,1,-1,1,-1,-1,-1,-1,-1,-1,-1,-1,-1,-1,-1
2021-07-10,0.86687,0.86687,0.82374,0.838,15933.13919841,1,-1,1,-1,1,-1,-1,-1,-1,-1,-1,-1,-1,-1,-1,-1
2021-07-11,0.835,0.858,0.829,0.851,6026.26879403,1,-1,1,-1,1,-1,-1,-1,-1,-1,-1,-1,-1,-1,-1,-1
2021-07-12,0.85602,0.87556,0.83,0.842,18284.87240098,1,-1,1,-1,1,-1,-1,-1,-1,-1,-1,-1,-1,-1,-1,-1
2021-07-13,0.84303,0.85825,0.829,0.834,78062.30509772,1,-1,1,-1,1,-1,-1,-1,-1,-1,-1,-1,-1,-1,-1,-1
2021-07-14,0.825,0.835,0.79311,0.83188,23967.25105132,1,-1,1,-1,1,-1,-1,-1,-1,1,-1,-1,-1,-1,-1,-1
2021-07-15,0.82695,0.83826,0.795,0.801,23130.79535925,1,-1,1,-1,1,-1,-1,-1,-1,-1,-1,-1,-1,-1,-1,-1
2021-07-16,0.812,0.831,0.79327,0.799,9161.29386755,1,-1,1,-1,1,-1,-1,-1,-1,-1,-1,-1,-1,-1,-1,-1
2021-07-17,0.795,0.798,0.76522,0.79235,39148.05626658,1,-1,1,-1,1,-1,-1,-1,-1,-1,-1,-1,-1,-1,-1,-1
2021-07-18,0.788,0.81033,0.77821,0.79256,16346.6690825,1,-1,1,-1,1,-1,-1,-1,-1,-1,-1,-1,-1,-1,-1,-1
2021-07-19,0.795,0.79602,0.755,0.76271,20748.59462534,1,-1,1,-1,1,-1,-1,-1,-1,-1,-1,-1,1,-1,-1,-1
2021-07-20,0.77286,0.774,0.7084,0.72,50640.10159378,1,-1,1,-1,1,-1,-1,-1,-1,-1,-1,-1,1,-1,-1,-1
2021-07-21,0.71694,0.79103,0.71694,0.77602,28008.12050656,1,-1,1,-1,1,-1,-1,-1,-1,-1,-1,-1,-1,-1,-1,-1
2021-07-22,0.77389,0.81283,0.76824,0.80828,8981.8982288,1,-1,1,-1,1,-1,-1,-1,-1,-1,-1,-1,-1,-1,-1,-1
2021-07-23,0.80508,0.81848,0.78455,0.81266,19125.31056904,1,-1,1,-1,1,-1,-1,-1,-1,-1,-1,-1,-1,-1,-1,-1
2021-07-24,0.8284,0.84293,0.82355,0.83018,5539.27906674,1,-1,1,-1,1,-1,-1,-1,-1,-1,-1,-1,-1,-1,-1,-1
2021-07-25,0.81818,0.826,0.8102,0.81866,45574.44778197,-1,1,1,-1,1,-1,-1,-1,-1,-1,-1,-1,-1,-1,-1,-1
2021-07-26,0.83941,0.91687,0.8367,0.85,106726.15010509,-1,1,1,-1,1,-1,-1,-1,-1,-1,-1,-1,-1,-1,-1,-1
2021-07-27,0.84605,0.88587,0.83652,0.872,75969.53956022,-1,1,1,-1,1,-1,-1,-1,-1,-1,-1,-1,-1,-1,-1,-1
2021-07-28,0.87366,1.01823,0.86902,0.99,98446.67979621,-1,1,1,-1,1,-1,-1,-1,-1,-1,-1,-1,-1,1,-1,-1
2021-07-29,1.00177,1.03,0.94915,1.01664,13988.27776461,-1,1,1,-1,1,-1,-1,-1,-1,-1,-1,-1,-1,1,-1,-1
2021-07-30,0.99893,1.04394,0.975,1.0216,28997.15331513,-1,1,1,-1,1,-1,-1,-1,-1,-1,-1,-1,-1,1,-1,-1
2021-07-31,1.02379,1.03193,1.00931,1.02872,14243.81218779,-1,1,-1,1,1,-1,-1,-1,-1,-1,-1,-1,-1,1,-1,-1
2021-08-01,1.04101,1.05616,0.969,0.994,75678.3482252,-1,1,-1,1,1,-1,-1,-1,-1,-1,-1,-1,-1,-1,-1,-1
2021-08-02,0.99549,1.05153,0.981,1.01002,36834.77745036,-1,1,-1,1,1,-1,-1,-1,-1,-1,-1,-1,-1,-1,-1,-1
2021-08-03,0.992,1.00851,0.95166,0.97051,28082.96618519,-1,1,-1,1,1,-1,-1,-1,-1,-1,-1,-1,-1,-1,-1,-1
2021-08-04,0.977,1.00129,0.94414,0.99477,20123.57732135,-1,1,-1,1,1,-1,-1,-1,-1,-1,-1,-1,-1,-1,-1,-1
2021-08-05,0.99128,0.99654,0.95166,0.99654,35768.60804251,-1,1,-1,1,-1,1,-1,-1,-1,-1,-1,-1,-1,-1,-1,-1
2021-08-06,0.99899,1.01967,0.98142,1.01176,13169.94097381,1,-1,-1,1,-1,1,-1,-1,-1,-1,-1,-1,-1,-1,-1,-1
2021-08-07,1.02432,1.11394,1.02178,1.11394,592563.81921373,-1,1,-1,1,-1,1,-1,-1,-1,-1,1,-1,-1,1,-1,-1
2021-08-08,1.10672,1.14142,1.05957,1.07161,59086.19799945,-1,1,-1,1,-1,1,-1,-1,-1,-1,-1,-1,-1,-1,-1,-1
2021-08-09,1.05282,1.12145,1.04297,1.11,21316.77603906,-1,1,-1,1,-1,1,-1,-1,-1,-1,-1,-1,-1,1,-1,-1
2021-08-10,1.11528,1.16463,1.1003,1.16463,15224.24332306,-1,1,-1,1,-1,1,-1,-1,-1,-1,-1,-1,-1,1,-1,-1
2021-08-11,1.178,1.47641,1.1776,1.3799,103328.60498952,-1,1,-1,1,-1,1,-1,-1,-1,-1,-1,-1,-1,1,-1,1
2021-08-12,1.399,1.41669,1.26001,1.314,48718.79876124,-1,1,-1,1,-1,1,-1,-1,-1,-1,-1,-1,-1,1,-1,1
2021-08-13,1.307,1.48318,1.307,1.47824,63071.11400251,-1,1,-1,1,-1,1,-1,-1,-1,-1,-1,-1,-1,1,-1,1
2021-08-14,1.5,1.776,1.45721,1.73823,114358.15736564,-1,1,-1,1,-1,1,-1,-1,-1,-1,-1,-1,-1,1,-1,1
2021-08-15,1.75651,1.81483,1.66969,1.74338,190693.08178273,-1,1,-1,1,-1,1,1,-1,-1,-1,-1,-1,-1,1,-1,1
2021-08-16,1.735,1.79109,1.57386,1.61906,68219.18957445,-1,1,-1,1,-1,1,1,-1,-1,-1,-1,-1,-1,1,-1,1
2021-08-17,1.606,1.67686,1.49909,1.49909,559799.41199545,-1,1,-1,1,-1,1,1,-1,-1,-1,-1,-1,-1,-1,-1,-1
2021-08-18,1.53279,1.62768,1.44549,1.58473,108969.59104143,-1,1,-1,1,-1,1,1,-1,-1,-1,-1,-1,-1,-1,-1,-1
2021-08-19,1.598,1.70944,1.52708,1.70944,103101.74648729,-1,1,-1,1,-1,1,1,-1,-1,-1,-1,-1,-1,1,-1,1
2021-08-20,1.72832,1.79088,1.68439,1.762,81475.9117488,-1,1,-1,1,-1,1,1,-1,-1,-1,-1,-1,-1,1,-1,1
2021-08-21,1.75233,1.79598,1.68692,1.728,138613.66065422,-1,1,-1,1,-1,1,1,-1,-1,-1,-1,-1,-1,1,-1,1
2021-08-22,1.72904,1.75158,1.656,1.71816,117574.41823944,-1,1,-1,1,-1,1,1,-1,-1,-1,-1,-1,-1,-1,-1,-1
2021-08-23,1.71502,1.813,1.68001,1.732,210934.69284915,-1,1,-1,1,-1,1,1,-1,-1,-1,-1,-1,-1,1,-1,1
2021-08-24,1.73568,1.75117,1.56236,1.57386,104470.32736663,-1,1,-1,1,-1,1,1,-1,-1,-1,-1,-1,-1,-1,-1,-1
2021-08-25,1.59235,1.62271,1.53,1.60198,65323.71499439,-1,1,-1,1,-1,1,-1,1,-1,-1,-1,-1,-1,-1,-1,-1
2021-08-26,1.614,1.62998,1.475,1.49066,83975.46079324,1,-1,-1,1,-1,1,-1,1,-1,-1,-1,-1,-1,-1,-1,-1
2021-08-27,1.48,1.6271,1.46425,1.6271,14662.29762233,1,-1,-1,1,-1,1,-1,1,-1,-1,-1,-1,-1,-1,-1,-1
2021-08-28,1.63758,1.63758,1.56348,1.57055,21529.77302814,1,-1,-1,1,-1,1,-1,1,-1,-1,-1,-1,-1,-1,-1,-1
2021-08-29,1.58214,1.6008,1.5328,1.57947,165472.93946466,1,-1,-1,1,-1,1,-1,1,-1,-1,-1,-1,-1,-1,-1,-1
2021-08-30,1.5638,1.57107,1.5211,1.523,71635.98879476,1,-1,-1,1,-1,1,-1,1,-1,-1,-1,-1,-1,-1,-1,-1
2021-08-31,1.52,1.69599,1.4987,1.62369,281871.19053478,1,-1,-1,1,-1,1,-1,1,-1,-1,-1,-1,-1,-1,-1,-1
2021-09-01,1.618,1.67695,1.59336,1.67695,146944.17456215,1,-1,-1,1,-1,1,-1,1,-1,-1,-1,-1,-1,-1,-1,-1
2021-09-02,1.66963,1.74838,1.66963,1.70677,57413.12124016,-1,1,-1,1,-1,1,-1,1,-1,-1,-1,-1,-1,-1,-1,-1
2021-09-03,1.7008,1.775,1.66,1.72607,190029.76922013,-1,1,-1,1,-1,1,-1,1,-1,-1,-1,-1,-1,-1,-1,-1
2021-09-04,1.733,1.733,1.66857,1.68498,86838.95056466,-1,1,-1,1,-1,1,-1,1,-1,-1,-1,-1,-1,-1,-1,-1
2021-09-05,1.67993,1.75221,1.67439,1.74753,143292.60877978,-1,1,-1,1,-1,1,-1,1,-1,-1,-1,-1,-1,-1,-1,-1
2021-09-06,1.76092,1.90113,1.75873,1.87,144369.5195269,-1,1,-1,1,-1,1,-1,1,-1,-1,-1,-1,-1,-1,-1,-1
2021-09-07,1.87783,1.87783,1.31124,1.526,477592.00762739,-1,1,-1,1,-1,1,-1,1,-1,-1,-1,-1,-1,-1,-1,-1
2021-09-08,1.53215,1.55163,1.38931,1.53242,161848.86167824,-1,1,-1,1,-1,1,-1,1,-1,-1,-1,-1,-1,-1,-1,-1
2021-09-09,1.51549,1.54259,1.46967,1.47774,139440.63586269,1,-1,-1,1,-1,1,-1,1,-1,-1,-1,-1,-1,-1,-1,-1
2021-09-10,1.48411,1.688,1.411,1.42574,146279.15571728,1,-1,-1,1,-1,1,-1,1,-1,-1,-1,-1,-1,-1,-1,-1
2021-09-11,1.4519,1.5143,1.44946,1.47167,47741.10653287,1,-1,-1,1,-1,1,-1,1,-1,-1,-1,-1,-1,-1,-1,-1
2021-09-12,1.44839,1.53181,1.44839,1.53181,150594.87305612,1,-1,-1,1,-1,1,-1,1,-1,-1,-1,-1,-1,-1,-1,-1
2021-09-13,1.48956,1.49136,1.4,1.44532,36577.61409681,1,-1,-1,1,-1,1,-1,1,-1,-1,-1,-1,-1,-1,-1,-1
2021-09-14,1.44937,1.49648,1.44,1.49648,60046.29199428,1,-1,-1,1,-1,1,-1,1,-1,-1,-1,-1,-1,-1,-1,-1
2021-09-15,1.49503,1.53345,1.47786,1.52633,28489.01338644,1,-1,-1,1,-1,1,-1,1,-1,-1,-1,-1,-1,-1,-1,-1
2021-09-16,1.53746,1.54085,1.48169,1.49902,66326.12657184,-1,1,-1,1,-1,1,-1,1,-1,-1,-1,-1,-1,-1,-1,-1
2021-09-17,1.49709,1.51378,1.44409,1.46973,31797.91605244,1,-1,-1,1,-1,1,-1,1,-1,-1,-1,-1,-1,-1,-1,-1
2021-09-18,1.46973,1.50229,1.46973,1.47865,44029.58323411,-1,1,-1,1,-1,1,-1,1,-1,-1,-1,-1,-1,-1,-1,-1
2021-09-19,1.47904,1.49314,1.43764,1.44635,60410.85645878,-1,1,-1,1,-1,1,-1,1,-1,-1,-1,-1,-1,-1,-1,-1
2021-09-20,1.42595,1.42595,1.20901,1.26515,183427.2690279,1,-1,1,-1,-1,1,-1,1,-1,-1,-1,-1,-1,-1,-1,-1
2021-09-21,1.24681,1.31808,1.19585,1.20009,289835.43275701,1,-1,1,-1,-1,1,-1,1,-1,-1,-1,-1,1,-1,-1,-1
2021-09-22,1.22739,1.39159,1.20326,1.38802,92434.7000645,1,-1,1,-1,-1,1,-1,1,-1,-1,-1,-1,-1,-1,-1,-1
2021-09-23,1.39922,1.40013,1.34701,1.37686,43266.9360624,1,-1,1,-1,1,-1,-1,1,-1,-1,-1,-1,-1,-1,-1,-1
2021-09-24,1.36924,1.36924,1.24232,1.32,50763.45902214,1,-1,1,-1,1,-1,-1,1,-1,-1,-1,-1,-1,-1,-1,-1
2021-09-25,1.29009,1.31608,1.26936,1.30184,48341.63364646,1,-1,1,-1,1,-1,-1,1,-1,-1,-1,-1,-1,-1,-1,-1
2021-09-26,1.30312,1.31838,1.23854,1.29945,449985.35254307,1,-1,1,-1,1,-1,-1,1,-1,-1,-1,-1,-1,-1,-1,-1
2021-09-27,1.31951,1.34608,1.27286,1.27286,62972.84906752,1,-1,1,-1,1,-1,-1,1,-1,1,-1,-1,-1,-1,-1,-1
2021-09-28,1.28311,1.29037,1.2467,1.2467,80833.37035196,1,-1,1,-1,1,-1,-1,1,-1,-1,-1,-1,-1,-1,-1,-1
2021-09-29,1.23207,1.37632,1.22204,1.29869,100413.40241056,1,-1,1,-1,1,-1,-1,1,-1,-1,-1,-1,-1,-1,-1,-1
2021-09-30,1.29649,1.32878,1.29649,1.31573,26770.11702206,1,-1,1,-1,1,-1,-1,1,-1,-1,-1,-1,-1,-1,-1,-1
2021-10-01,1.31901,1.46503,1.31901,1.43764,47127.63386028,1,-1,1,-1,1,-1,-1,1,-1,-1,-1,-1,-1,-1,-1,-1
2021-10-02,1.39931,1.46222,1.39491,1.4388,23814.03141351,-1,1,1,-1,1,-1,-1,1,-1,-1,-1,-1,-1,-1,-1,-1
2021-10-03,1.41977,1.49314,1.41977,1.44788,22194.56401348,-1,1,1,-1,1,-1,-1,1,-1,-1,-1,-1,-1,-1,-1,-1
2021-10-04,1.44884,1.45555,1.38608,1.45059,34284.98243587,-1,1,1,-1,1,-1,-1,1,-1,-1,-1,-1,-1,-1,-1,-1
2021-10-05,1.43831,1.49646,1.42763,1.49646,25209.20813645,-1,1,1,-1,1,-1,-1,1,-1,-1,-1,-1,-1,-1,-1,-1
2021-10-06,1.48322,1.51967,1.41852,1.47988,41018.14408521,-1,1,1,-1,1,-1,-1,1,-1,-1,-1,-1,-1,-1,-1,-1
2021-10-07,1.4712,1.5012,1.44334,1.47264,26998.14738158,-1,1,1,-1,1,-1,-1,1,-1,-1,-1,-1,-1,-1,-1,-1
2021-10-08,1.46369,1.49595,1.45171,1.45983,19933.73047575,-1,1,1,-1,1,-1,-1,1,-1,-1,-1,-1,-1,-1,-1,-1
2021-10-09,1.46725,1.65699,1.45858,1.6054,69951.52219453,-1,1,1,-1,1,-1,-1,1,-1,-1,-1,-1,-1,1,-1,-1
2021-10-10,1.59773,1.68349,1.56,1.57451,78520.77699925,-1,1,1,-1,1,-1,-1,1,1,-1,-1,-1,-1,-1,-1,-1
2021-10-11,1.56344,1.60994,1.51847,1.53825,22433.52348406,-1,1,-1,1,1,-1,-1,1,-1,-1,-1,-1,-1,-1,-1,-1
2021-10-12,1.53044,1.53305,1.45413,1.5,279999.37823462,-1,1,-1,1,1,-1,-1,1,-1,-1,-1,-1,-1,-1,-1,-1
2021-10-13,1.50266,1.53811,1.46539,1.53811,29215.79098925,-1,1,-1,1,1,-1,-1,1,-1,-1,-1,-1,-1,-1,-1,-1
2021-10-14,1.53984,1.54502,1.51428,1.52534,24974.89975928,-1,1,-1,1,1,-1,-1,1,-1,-1,-1,-1,-1,-1,-1,-1
2021-10-15,1.52106,1.5511,1.48169,1.54,20067.3774966,-1,1,-1,1,1,-1,-1,1,-1,-1,-1,-1,-1,-1,-1,-1
2021-10-16,1.55011,1.58563,1.53214,1.5373,14640.84635118,1,-1,-1,1,1,-1,-1,1,-1,-1,-1,-1,-1,-1,-1,-1
2021-10-17,1.52805,1.54084,1.394,1.47491,42950.59677056,1,-1,-1,1,1,-1,-1,1,-1,-1,-1,-1,-1,-1,-1,-1
2021-10-18,1.48627,1.49572,1.46,1.46397,57482.04626727,1,-1,-1,1,1,-1,-1,1,-1,-1,-1,-1,-1,-1,-1,-1
2021-10-19,1.46328,1.47886,1.43732,1.46342,66973.43438099,1,-1,-1,1,-1,1,-1,1,-1,-1,-1,-1,-1,-1,-1,-1
2021-10-20,1.46345,1.54592,1.46345,1.53311,388894.71368603,1,-1,-1,1,-1,1,-1,1,-1,-1,-1,-1,-1,-1,-1,-1
2021-10-21,1.53196,1.55651,1.46426,1.46584,125873.38463614,1,-1,-1,1,-1,1,-1,1,-1,-1,-1,-1,-1,-1,-1,-1
2021-10-22,1.47326,1.49663,1.43773,1.45488,42066.49036858,1,-1,-1,1,-1,1,-1,1,-1,-1,-1,-1,-1,-1,-1,-1
2021-10-23,1.46346,1.472,1.45733,1.47019,9478.81403684,1,-1,-1,1,-1,1,-1,1,-1,-1,-1,-1,-1,-1,-1,-1
2021-10-24,1.46905,1.46905,1.42,1.45479,25637.57952627,1,-1,-1,1,-1,1,-1,1,-1,-1,-1,-1,-1,-1,-1,-1
2021-10-25,1.45099,1.473,1.45099,1.46879,105722.95820178,1,-1,-1,1,-1,1,-1,1,-1,-1,-1,-1,-1,-1,-1,-1
2021-10-26,1.46248,1.54727,1.4617,1.48154,142641.33932959,1,-1,-1,1,-1,1,-1,1,-1,-1,-1,-1,-1,-1,-1,-1
2021-10-27,1.48723,1.49545,1.31321,1.34199,353764.47601859,1,-1,-1,1,-1,1,-1,1,-1,-1,-1,-1,-1,-1,-1,-1
2021-10-28,1.35205,1.45829,1.31751,1.41326,1221646.93958507,1,-1,-1,1,-1,1,-1,1,-1,-1,-1,-1,-1,-1,-1,-1
2021-10-29,1.41546,1.44896,1.40759,1.44127,348777.31509791,1,-1,-1,1,-1,1,-1,1,-1,-1,-1,-1,-1,-1,-1,-1
2021-10-30,1.43655,1.48627,1.4267,1.44997,16845.86350801,1,-1,-1,1,-1,1,-1,1,-1,-1,-1,-1,-1,-1,-1,-1
2021-10-31,1.4509,1.53825,1.42993,1.4901,340524.91230648,1,-1,-1,1,-1,1,-1,1,-1,-1,-1,-1,-1,-1,-1,-1
2021-11-01,1.49715,1.49715,1.4369,1.46075,16526.25045071,-1,1,-1,1,-1,1,-1,1,-1,-1,-1,-1,-1,-1,-1,-1
2021-11-02,1.45498,1.54375,1.45498,1.52475,30965.59407862,-1,1,-1,1,-1,1,-1,1,-1,-1,-1,-1,-1,-1,-1,-1
2021-11-03,1.52746,1.65573,1.52402,1.61578,63850.69663112,-1,1,-1,1,-1,1,-1,1,-1,-1,-1,-1,-1,-1,-1,-1
2021-11-04,1.63068,1.68354,1.5895,1.62634,38172.01196678,-1,1,-1,1,-1,1,-1,1,-1,-1,-1,-1,-1,-1,-1,-1
2021-11-05,1.61219,1.6217,1.54293,1.56859,56060.09581801,-1,1,-1,1,-1,1,1,-1,-1,-1,-1,-1,-1,-1,-1,-1
2021-11-06,1.57071,1.5852,1.48169,1.55539,363463.20746943,-1,1,-1,1,-1,1,1,-1,-1,-1,-1,-1,-1,-1,-1,-1
2021-11-07,1.56513,1.66814,1.55996,1.64332,375903.3358833,-1,1,-1,1,-1,1,1,-1,-1,-1,-1,-1,-1,-1,-1,-1
2021-11-08,1.65518,1.75,1.65517,1.746,81542.17070014,-1,1,-1,1,-1,1,1,-1,-1,-1,-1,-1,-1,1,-1,-1
2021-11-09,1.72981,1.73307,1.66342,1.71225,394571.10391195,-1,1,-1,1,-1,1,1,-1,-1,-1,-1,-1,-1,-1,-1,-1
2021-11-10,1.71317,1.83772,1.5736,1.62467,1301961.62919022,-1,1,-1,1,-1,1,1,-1,-1,-1,-1,-1,-1,-1,-1,-1
2021-11-11,1.62571,1.72197,1.62013,1.68918,14199.5944539,-1,1,-1,1,-1,1,1,-1,1,-1,-1,-1,-1,-1,-1,-1
2021-11-12,1.67237,1.69461,1.5869,1.62968,268944.72709055,-1,1,-1,1,-1,1,1,-1,-1,-1,-1,-1,-1,-1,-1,-1
2021-11-13,1.63466,1.63974,1.6019,1.61768,51534.23468289,-1,1,-1,1,-1,1,1,-1,-1,-1,-1,-1,-1,-1,-1,-1
2021-11-14,1.63769,1.63769,1.60504,1.61714,18844.86801803,1,-1,-1,1,-1,1,1,-1,-1,-1,-1,-1,-1,-1,-1,-1
2021-11-15,1.63832,1.66397,1.59926,1.60353,39514.30905751,1,-1,-1,1,-1,1,1,-1,-1,-1,-1,-1,-1,-1,-1,-1
2021-11-16,1.59249,1.59249,1.41624,1.49857,217298.3907409,1,-1,-1,1,-1,1,1,-1,-1,-1,-1,-1,-1,-1,-1,-1
2021-11-17,1.4976,1.53181,1.46847,1.51215,1115974.59971438,1,-1,-1,1,-1,1,1,-1,-1,-1,-1,-1,-1,-1,-1,-1
2021-11-18,1.52822,1.60154,1.40758,1.43701,174594.35705816,1,-1,-1,1,-1,1,1,-1,-1,-1,-1,-1,-1,-1,-1,-1
2021-11-19,1.43183,1.5186,1.40706,1.50735,53608.45876566,1,-1,-1,1,-1,1,1,-1,-1,-1,-1,-1,-1,-1,-1,-1
2021-11-20,1.51671,1.51991,1.46639,1.50967,6643.61827,1,-1,-1,1,-1,1,1,-1,-1,-1,-1,-1,-1,-1,-1,-1
2021-11-21,1.51712,1.51712,1.46545,1.46985,7651.06140681,1,-1,-1,1,-1,1,1,-1,-1,-1,-1,-1,-1,-1,-1,-1
2021-11-22,1.454,1.47819,1.42783,1.43321,61660.93560374,1,-1,1,-1,-1,1,-1,1,-1,-1,-1,-1,-1,-1,-1,-1
2021-11-23,1.44721,1.48355,1.41001,1.48011,81536.01319487,1,-1,1,-1,-1,1,-1,1,-1,-1,-1,-1,-1,-1,-1,-1
2021-11-24,1.48627,1.48627,1.408,1.43678,39445.69210603,1,-1,1,-1,-1,1,-1,1,-1,-1,-1,-1,-1,-1,-1,-1
2021-11-25,1.42919,1.47911,1.42301,1.45596,50888.14769013,1,-1,1,-1,-1,1,-1,1,-1,-1,-1,-1,-1,-1,-1,-1
2021-11-26,1.45691,1.45908,1.27562,1.32222,602197.1389524,1,-1,1,-1,-1,1,-1,1,-1,-1,-1,-1,-1,-1,-1,-1
2021-11-27,1.33138,1.36066,1.31969,1.32838,201367.15205327,1,-1,1,-1,-1,1,-1,1,-1,-1,-1,-1,-1,-1,-1,-1
2021-11-28,1.3351,1.36138,1.257,1.36138,317947.63172598,1,-1,1,-1,-1,1,-1,1,-1,-1,-1,-1,-1,-1,-1,-1
2021-11-29,1.36954,1.39988,1.36303,1.39963,22797.82659428,1,-1,1,-1,1,-1,-1,1,-1,1,-1,-1,-1,-1,-1,-1
2021-11-30,1.40652,1.43545,1.37874,1.41071,4005.49536697,1,-1,1,-1,1,-1,-1,1,-1,-1,-1,-1,-1,-1,-1,-1
2021-12-01,1.41133,1.42114,1.38922,1.39421,10024.53547899,1,-1,1,-1,1,-1,-1,1,-1,-1,-1,-1,-1,-1,-1,-1
2021-12-02,1.3855,1.38619,1.35105,1.372,17768.42642752,1,-1,1,-1,1,-1,-1,1,-1,-1,-1,-1,-1,-1,-1,-1
2021-12-03,1.372,1.39197,1.28227,1.32051,195734.03139279,1,-1,1,-1,1,-1,-1,1,-1,-1,-1,-1,-1,-1,-1,-1
2021-12-04,1.32042,1.32043,0.90202,1.22381,431359.64703591,1,-1,1,-1,1,-1,-1,1,-1,-1,-1,-1,1,-1,-1,-1
2021-12-05,1.22673,1.22673,1.0615,1.14508,70906.10714142,1,-1,1,-1,1,-1,1,-1,-1,-1,-1,-1,1,-1,1,-1
2021-12-06,1.12603,1.169,1.06773,1.169,82058.93623458,1,-1,1,-1,1,-1,1,-1,-1,-1,-1,1,1,-1,-1,-1
2021-12-07,1.18179,1.19362,1.1469,1.1469,35721.64030911,1,-1,1,-1,1,-1,1,-1,-1,-1,-1,-1,1,-1,-1,-1
2021-12-08,1.15047,1.23376,1.1349,1.20598,49799.98667496,1,-1,1,-1,1,-1,1,-1,-1,-1,-1,-1,-1,-1,-1,-1
2021-12-09,1.21652,1.29974,1.175,1.23839,127646.28813546,1,-1,1,-1,1,-1,1,-1,-1,-1,-1,-1,-1,-1,-1,-1
2021-12-10,1.21773,1.23439,1.11357,1.12148,198460.55250839,1,-1,1,-1,1,-1,1,-1,-1,-1,-1,-1,-1,-1,-1,-1
2021-12-11,1.12411,1.18062,1.10197,1.16265,101829.629283,1,-1,1,-1,1,-1,1,-1,-1,-1,-1,-1,-1,-1,-1,-1
2021-12-12,1.16636,1.19833,1.13834,1.17407,6552.54230275,1,-1,1,-1,1,-1,1,-1,-1,-1,-1,-1,-1,-1,-1,-1
2021-12-13,1.16801,1.17029,1.07935,1.1009,33405.32179365,1,-1,1,-1,1,-1,1,-1,-1,-1,-1,-1,-1,-1,-1,-1
2021-12-14,1.09578,1.14229,1.09578,1.13824,16240.33268279,1,-1,1,-1,1,-1,1,-1,-1,-1,-1,-1,-1,-1,-1,-1
2021-12-15,1.13605,1.16798,1.09973,1.15992,11663.83346925,1,-1,1,-1,1,-1,1,-1,-1,-1,-1,-1,-1,-1,-1,-1
2021-12-16,1.15968,1.16475,1.13257,1.13607,6958.03420804,1,-1,1,-1,1,-1,1,-1,-1,-1,-1,-1,-1,-1,-1,-1
2021-12-17,1.12951,1.15972,1.098,1.12687,30491.19462432,1,-1,1,-1,1,-1,1,-1,-1,-1,-1,-1,-1,-1,-1,-1
2021-12-18,1.11464,1.16178,1.11244,1.16178,14470.27027475,1,-1,1,-1,1,-1,1,-1,-1,-1,-1,-1,-1,-1,-1,-1
2021-12-19,1.15764,1.19539,1.15529,1.19539,46471.48574699,-1,1,1,-1,1,-1,1,-1,-1,-1,-1,-1,-1,-1,-1,-1
2021-12-20,1.21328,1.27989,1.16471,1.24936,61109.24246279,-1,1,1,-1,1,-1,1,-1,-1,-1,-1,-1,-1,-1,-1,-1
2021-12-21,1.22663,1.3401,1.20851,1.32249,119524.7069161,-1,1,1,-1,1,-1,1,-1,-1,-1,-1,-1,-1,-1,-1,-1
2021-12-22,1.326,1.36117,1.29658,1.32832,118296.15786488,-1,1,1,-1,1,-1,1,-1,-1,-1,-1,-1,-1,-1,-1,-1
2021-12-23,1.30902,1.40527,1.30558,1.37024,33740.22196164,-1,1,1,-1,1,-1,1,-1,-1,-1,-1,-1,-1,-1,-1,-1
2021-12-24,1.36992,1.37762,1.26,1.26992,37372.8347946,-1,1,1,-1,1,-1,1,-1,-1,-1,-1,-1,-1,-1,-1,-1
2021-12-25,1.27747,1.29265,1.2684,1.28545,13703.39791581,-1,1,1,-1,1,-1,1,-1,-1,-1,-1,-1,-1,-1,-1,-1
2021-12-26,1.26195,1.27965,1.26195,1.27833,3410.40473804,-1,1,1,-1,1,-1,1,-1,-1,-1,-1,-1,-1,-1,-1,-1
2021-12-27,1.27546,1.31929,1.27546,1.28154,1990.01531188,-1,1,1,-1,1,-1,1,-1,-1,-1,-1,-1,-1,-1,-1,-1
2021-12-28,1.26235,1.26236,1.18044,1.18491,23063.55547964,1,-1,1,-1,1,-1,1,-1,-1,-1,-1,-1,-1,-1,-1,-1
2021-12-29,1.18998,1.19622,1.12691,1.12691,31423.06760836,1,-1,1,-1,1,-1,1,-1,-1,-1,-1,-1,-1,-1,-1,-1
2021-12-30,1.1225,1.184,1.1225,1.16401,24309.59121955,1,-1,1,-1,1,-1,1,-1,-1,-1,-1,-1,-1,-1,-1,-1
2021-12-31,1.15317,1.16922,1.12977,1.15211,7605.93043452,1,-1,1,-1,1,-1,1,-1,-1,-1,-1,-1,-1,-1,-1,-1
2022-01-01,1.15409,1.16999,1.15409,1.16001,9796.64025451,1,-1,1,-1,1,-1,1,-1,-1,-1,-1,-1,-1,-1,-1,-1
2022-01-02,1.16461,1.19078,1.15403,1.18302,18002.80026672,1,-1,1,-1,1,-1,1,-1,-1,-1,-1,-1,-1,-1,-1,-1
2022-01-03,1.17396,1.17396,1.145,1.16097,5377.00387468,1,-1,1,-1,1,-1,1,-1,-1,-1,-1,-1,-1,-1,-1,-1
2022-01-04,1.14577,1.16167,1.135,1.14834,54097.26850878,1,-1,1,-1,1,-1,1,-1,-1,-1,-1,-1,-1,-1,-1,-1
2022-01-05,1.14496,1.15174,0.996,1.07251,110284.30794493,1,-1,1,-1,1,-1,1,-1,-1,-1,-1,-1,-1,-1,-1,-1
2022-01-06,1.07328,1.09951,1.04343,1.09208,22106.64508849,1,-1,1,-1,1,-1,1,-1,-1,1,-1,-1,-1,-1,-1,-1
2022-01-07,1.07223,1.07981,1.02133,1.06118,55917.39533546,1,-1,1,-1,1,-1,1,-1,-1,-1,-1,-1,-1,-1,-1,-1
2022-01-08,1.07514,1.08158,1.01541,1.0506,175952.97936304,1,-1,1,-1,1,-1,1,-1,-1,-1,-1,-1,-1,-1,-1,-1
2022-01-09,1.04256,1.05949,1.03456,1.05949,42314.55146277,1,-1,1,-1,1,-1,1,-1,-1,-1,-1,-1,-1,-1,-1,-1
2022-01-10,1.04389,1.05755,0.98001,1.03098,44119.87597608,1,-1,1,-1,1,-1,1,-1,-1,-1,-1,1,-1,-1,-1,-1
2022-01-11,1.03986,1.07299,1.02654,1.07299,24293.10890547,1,-1,1,-1,1,-1,1,-1,-1,-1,-1,-1,-1,-1,-1,-1
2022-01-12,1.07614,1.11055,1.06591,1.10061,21538.90017636,1,-1,1,-1,1,-1,1,-1,-1,-1,-1,-1,-1,-1,-1,-1
2022-01-13,1.098,1.098,1.055,1.05687,29797.26769603,1,-1,1,-1,1,-1,1,-1,-1,-1,-1,-1,-1,-1,-1,-1
2022-01-14,1.055,1.08,1.04647,1.08,3082.49785466,-1,1,1,-1,1,-1,1,-1,-1,-1,-1,-1,-1,-1,-1,-1
2022-01-15,1.07006,1.08943,1.07006,1.08453,8671.58350928,-1,1,1,-1,1,-1,1,-1,-1,-1,-1,-1,-1,-1,-1,-1
2022-01-16,1.08587,1.08746,1.06248,1.08162,15184.5664659,-1,1,1,-1,1,-1,1,-1,-1,-1,-1,-1,-1,-1,-1,-1
2022-01-17,1.07688,1.08087,1.04353,1.05878,18024.99370537,-1,1,1,-1,1,-1,1,-1,-1,-1,-1,-1,-1,-1,-1,-1
2022-01-18,1.05869,1.06281,1.03023,1.05605,9141.26813139,-1,1,1,-1,1,-1,1,-1,-1,-1,-1,-1,-1,-1,-1,-1
2022-01-19,1.04715,1.04715,1.01358,1.02851,19676.3838535,1,-1,1,-1,1,-1,1,-1,-1,-1,-1,-1,-1,-1,-1,-1
2022-01-20,1.02725,1.04938,0.99879,0.99879,10424.07935092,1,-1,1,-1,1,-1,1,-1,-1,-1,-1,-1,-1,-1,-1,-1
2022-01-21,0.99568,1.00705,0.84958,0.88227,128648.24185913,1,-1,1,-1,1,-1,1,-1,-1,-1,-1,-1,1,-1,1,-1
2022-01-22,0.89115,0.90639,0.78103,0.82683,108509.12590657,1,-1,1,-1,1,-1,1,-1,-1,-1,-1,-1,1,-1,1,-1
2022-01-23,0.84752,0.88869,0.82783,0.87342,56490.89295502,1,-1,1,-1,1,-1,1,-1,-1,-1,-1,-1,1,-1,-1,-1
2022-01-24,0.87,0.87525,0.78024,0.85589,228088.97783951,1,-1,1,-1,1,-1,1,-1,-1,-1,-1,-1,1,-1,1,-1
2022-01-25,0.84406,0.873,0.82975,0.86537,21735.99736011,1,-1,1,-1,1,-1,1,-1,-1,-1,-1,-1,1,-1,-1,-1
2022-01-26,0.86,0.91817,0.86,0.88367,36800.56227455,1,-1,1,-1,1,-1,1,-1,-1,-1,-1,-1,-1,-1,-1,-1
2022-01-27,0.87851,0.87851,0.84242,0.86,13628.91303385,1,-1,1,-1,1,-1,1,-1,-1,-1,-1,-1,1,-1,-1,-1
2022-01-28,0.87012,0.87426,0.85537,0.87426,3562.9559675,1,-1,1,-1,1,-1,1,-1,-1,-1,-1,-1,-1,-1,-1,-1
2022-01-29,0.87703,0.89369,0.87481,0.88317,4715.2200676,1,-1,1,-1,1,-1,1,-1,-1,-1,-1,-1,-1,-1,-1,-1
2022-01-30,0.88703,0.89293,0.86449,0.86731,17213.33491784,-1,1,1,-1,1,-1,1,-1,-1,-1,-1,-1,-1,-1,-1,-1
2022-01-31,0.85358,0.8743,0.83,0.8743,17235.18898889,-1,1,1,-1,1,-1,1,-1,-1,-1,-1,-1,-1,-1,-1,-1
2022-02-01,0.8709,0.88507,0.8709,0.88096,9243.47354742,-1,1,1,-1,1,-1,1,-1,-1,-1,-1,-1,-1,-1,-1,-1
2022-02-02,0.87397,0.88454,0.84792,0.84792,39904.91420628,-1,1,1,-1,1,-1,1,-1,-1,-1,-1,-1,-1,-1,-1,-1
2022-02-03,0.84605,0.85555,0.83978,0.85555,7767.84872869,1,-1,1,-1,1,-1,1,-1,-1,-1,-1,-1,-1,-1,-1,-1
2022-02-04,0.853,0.92858,0.85024,0.92858,46879.80580308,-1,1,1,-1,1,-1,1,-1,-1,-1,-1,-1,-1,-1,-1,-1
2022-02-05,0.925,0.96623,0.925,0.95105,18869.39387525,-1,1,1,-1,1,-1,1,-1,-1,-1,-1,-1,-1,-1,-1,-1
2022-02-06,0.94308,0.95919,0.94192,0.95149,3494.45658346,-1,1,1,-1,1,-1,1,-1,-1,-1,-1,-1,-1,-1,-1,-1
2022-02-07,0.95948,1.17107,0.95948,1.15969,17523.97943581,-1,1,1,-1,1,-1,1,-1,-1,-1,-1,-1,-1,1,-1,-1
2022-02-08,1.16085,1.27939,1.1377,1.2248,99074.73014872,-1,1,1,-1,1,-1,1,-1,-1,-1,-1,-1,-1,1,-1,1
2022-02-09,1.21869,1.27625,1.18388,1.207,60187.35679312,-1,1,1,-1,1,-1,1,-1,-1,-1,-1,-1,-1,1,-1,-1
2022-02-10,1.21636,1.22689,1.15241,1.15241,62846.28302279,-1,1,1,-1,1,-1,1,-1,-1,-1,-1,-1,-1,-1,-1,-1
2022-02-11,1.1377,1.16878,1.06223,1.07113,156693.73385179,-1,1,1,-1,1,-1,1,-1,-1,-1,-1,-1,-1,-1,-1,-1
2022-02-12,1.06355,1.19183,1.05591,1.148,26083.34264096,-1,1,-1,1,1,-1,1,-1,-1,-1,-1,-1,-1,-1,-1,-1
2022-02-13,1.16936,1.17361,1.11781,1.13515,8712.8060711,-1,1,-1,1,1,-1,1,-1,-1,-1,-1,-1,-1,-1,-1,-1
2022-02-14,1.12749,1.14053,1.09769,1.12899,69800.16052519,-1,1,-1,1,1,-1,1,-1,-1,-1,-1,-1,-1,-1,-1,-1
2022-02-15,1.14709,1.19752,1.14709,1.19727,15525.78050295,1,-1,-1,1,1,-1,1,-1,-1,-1,-1,-1,-1,-1,-1,-1
2022-02-16,1.18868,1.18987,1.13329,1.17767,31869.01279134,1,-1,-1,1,1,-1,1,-1,-1,-1,-1,-1,-1,-1,-1,-1
2022-02-17,1.16937,1.16938,1.05591,1.07884,20640.52064631,1,-1,-1,1,-1,1,1,-1,-1,-1,-1,-1,-1,-1,-1,-1
2022-02-18,1.07217,1.11502,1.05876,1.09902,10829.16431187,1,-1,-1,1,-1,1,1,-1,-1,-1,-1,-1,-1,-1,-1,-1
2022-02-19,1.09976,1.17603,1.08055,1.1398,56552.6773685,-1,1,-1,1,-1,1,1,-1,-1,-1,-1,-1,-1,-1,-1,-1
2022-02-20,1.11852,1.11995,1.075,1.09618,18533.45326502,1,-1,-1,1,-1,1,1,-1,-1,-1,-1,-1,-1,-1,-1,-1
2022-02-21,1.08534,1.11697,0.97564,0.97564,67778.9913779,1,-1,-1,1,-1,1,1,-1,-1,-1,-1,-1,-1,-1,-1,-1
2022-02-22,0.98554,0.99991,0.94072,0.99991,74739.69978574,1,-1,-1,1,-1,1,1,-1,-1,-1,-1,-1,-1,-1,-1,-1
2022-02-23,1.00317,1.02576,0.96124,0.96919,117337.03027045,1,-1,-1,1,-1,1,1,-1,-1,-1,-1,-1,-1,-1,-1,-1
2022-02-24,0.96577,1.00347,0.8698,0.96631,125550.92660422,1,-1,-1,1,-1,1,1,-1,-1,-1,-1,-1,-1,-1,-1,-1
2022-02-25,0.97656,1.07017,0.95786,1.07017,39400.52179458,1,-1,-1,1,-1,1,1,-1,-1,-1,-1,-1,-1,-1,-1,-1
2022-02-26,1.07207,1.09995,1.03567,1.03805,40092.59591151,1,-1,-1,1,-1,1,1,-1,-1,-1,-1,-1,-1,-1,-1,-1
2022-02-27,1.02153,1.04882,0.98967,1.00763,40097.47727748,1,-1,-1,1,-1,1,1,-1,-1,-1,-1,-1,-1,-1,-1,-1
2022-02-28,1.01582,1.08553,0.9896,1.08553,29345.30787977,1,-1,-1,1,-1,1,1,-1,-1,-1,-1,-1,-1,-1,-1,-1
2022-03-01,1.08235,1.10355,1.04694,1.08455,167086.69243485,-1,1,-1,1,-1,1,1,-1,-1,-1,-1,-1,-1,-1,-1,-1
2022-03-02,1.07892,1.07964,1.05815,1.06015,22355.05117789,-1,1,-1,1,-1,1,1,-1,-1,-1,-1,-1,-1,-1,-1,-1
2022-03-03,1.05643,1.07239,1.01826,1.02219,13870.75057115,-1,1,-1,1,-1,1,1,-1,-1,-1,-1,-1,-1,-1,-1,-1
2022-03-04,0.99849,1.01877,0.96099,0.96895,17799.78920401,-1,1,-1,1,-1,1,1,-1,-1,-1,-1,-1,-1,-1,-1,-1
2022-03-05,0.96414,1.0388,0.96414,1.01552,27734.37724995,1,-1,-1,1,-1,1,1,-1,-1,-1,-1,-1,-1,-1,-1,-1
2022-03-06,1.00173,1.01805,0.98312,0.98312,17307.12845102,1,-1,-1,1,-1,1,1,-1,-1,-1,-1,-1,-1,-1,-1,-1
2022-03-07,0.97636,1.01112,0.95923,0.98859,19930.21221736,1,-1,-1,1,-1,1,1,-1,-1,-1,-1,-1,-1,-1,-1,-1
2022-03-08,0.99384,0.99854,0.9878,0.99723,4990.18081438,1,-1,-1,1,-1,1,1,-1,-1,-1,-1,-1,-1,-1,-1,-1
2022-03-09,0.99529,1.05322,0.99529,1.0422,27121.66815111,1,-1,-1,1,-1,1,1,-1,-1,-1,-1,-1,-1,-1,-1,-1
2022-03-10,1.04927,1.05899,0.98001,1.00713,54350.27158277,1,-1,-1,1,-1,1,1,-1,-1,-1,-1,-1,-1,-1,-1,-1
2022-03-11,0.99998,1.1133,0.99372,1.10179,5850.4384835,-1,1,-1,1,-1,1,1,-1,-1,-1,-1,-1,-1,-1,-1,-1
2022-03-12,1.10718,1.15652,1.07249,1.07955,13696.31233161,-1,1,-1,1,-1,1,1,-1,-1,-1,-1,-1,-1,-1,-1,-1
2022-03-13,1.08882,1.09901,1.03544,1.03783,37074.76923686,-1,1,-1,1,-1,1,1,-1,-1,-1,-1,-1,-1,-1,-1,-1
2022-03-14,1.0409,1.0703,1.0279,1.06854,56333.36913557,-1,1,-1,1,-1,1,1,-1,-1,-1,-1,-1,-1,-1,-1,-1
2022-03-15,1.07107,1.07305,1.04,1.07023,1303817.46731962,-1,1,-1,1,-1,1,1,-1,-1,-1,-1,-1,-1,-1,-1,-1
2022-03-16,1.06827,1.08681,1.05451,1.08469,18723.3916578,-1,1,-1,1,-1,1,1,-1,-1,-1,-1,-1,-1,-1,-1,-1
2022-03-17,1.0898,1.0898,1.07108,1.07854,42092.14640133,-1,1,-1,1,-1,1,1,-1,-1,-1,-1,-1,-1,-1,-1,-1
2022-03-18,1.07251,1.07491,1.0626,1.07435,5859.52389851,-1,1,-1,1,-1,1,1,-1,-1,-1,-1,-1,-1,-1,-1,-1
2022-03-19,1.07771,1.11219,1.07363,1.10308,7668.15453293,-1,1,-1,1,-1,1,1,-1,-1,-1,-1,-1,-1,-1,-1,-1
2022-03-20,1.1015,1.1015,1.08608,1.08731,18482.2335976,-1,1,-1,1,-1,1,1,-1,-1,-1,-1,-1,-1,-1,-1,-1
2022-03-21,1.07902,1.15003,1.07139,1.13013,18684.24192865,-1,1,-1,1,1,-1,1,-1,-1,-1,-1,-1,-1,-1,-1,-1
2022-03-22,1.15007,1.16492,1.12,1.12,26543.79523771,-1,1,-1,1,1,-1,1,-1,-1,-1,-1,-1,-1,-1,-1,-1
2022-03-23,1.13278,1.13401,1.09902,1.10962,18209.91515997,-1,1,-1,1,1,-1,1,-1,-1,-1,-1,-1,-1,-1,-1,-1
2022-03-24,1.11006,1.12881,1.10349,1.12471,22557.18109715,-1,1,-1,1,-1,1,1,-1,-1,-1,-1,-1,-1,-1,-1,-1
2022-03-25,1.11972,1.12591,1.09896,1.10861,225111.37505187,-1,1,-1,1,1,-1,-1,1,-1,-1,-1,-1,-1,-1,-1,-1
2022-03-26,1.1011,1.11603,1.09952,1.10732,107983.55459768,-1,1,-1,1,-1,1,-1,1,-1,-1,-1,-1,-1,-1,-1,-1
2022-03-27,1.10997,1.12963,1.10498,1.12963,15293.70208195,-1,1,-1,1,-1,1,-1,1,-1,-1,-1,-1,-1,-1,-1,-1
2022-03-28,1.14616,1.21802,1.1427,1.1468,13724.10486057,-1,1,-1,1,-1,1,-1,1,1,-1,-1,-1,-1,-1,-1,-1
2022-03-29,1.16717,1.18228,1.13421,1.13421,4236.85040583,-1,1,-1,1,-1,1,-1,1,-1,-1,-1,-1,-1,-1,-1,-1
2022-03-30,1.13858,1.155,1.12439,1.14664,30706.12636399,-1,1,-1,1,-1,1,-1,1,-1,-1,-1,-1,-1,-1,-1,-1
2022-03-31,1.14184,1.15982,1.04922,1.08148,28044.09575893,-1,1,-1,1,-1,1,-1,1,-1,-1,-1,-1,-1,-1,-1,-1
2022-04-01,1.08911,1.11105,1.08911,1.10289,40860.74526,-1,1,-1,1,-1,1,-1,1,-1,-1,-1,-1,-1,-1,-1,-1
2022-04-02,1.11628,1.12411,1.09862,1.10589,17818.23558088,1,-1,-1,1,-1,1,-1,1,-1,-1,-1,-1,-1,-1,-1,-1
2022-04-03,1.1023,1.12778,1.1023,1.12778,5835.21875548,1,-1,-1,1,-1,1,-1,1,-1,-1,-1,-1,-1,-1,-1,-1
2022-04-04,1.11797,1.11841,1.07371,1.09685,20231.13425168,1,-1,-1,1,-1,1,-1,1,-1,-1,-1,-1,-1,-1,-1,-1
2022-04-05,1.09277,1.09901,1.0762,1.08088,11999.77895411,1,-1,-1,1,-1,1,-1,1,-1,-1,-1,-1,-1,-1,-1,-1
2022-04-06,1.05878,1.08026,1.00795,1.02518,19604.00011302,1,-1,-1,1,-1,1,-1,1,-1,-1,-1,-1,-1,-1,-1,-1
2022-04-07,1.02545,1.05552,1.02544,1.05552,18496.32993344,1,-1,-1,1,-1,1,-1,1,-1,-1,-1,-1,-1,-1,-1,-1
2022-04-08,1.05672,1.06109,1.00175,1.00175,17642.87263348,1,-1,-1,1,-1,1,-1,1,-1,-1,-1,-1,-1,-1,-1,-1
2022-04-09,1.02104,1.02738,1.01815,1.02654,4576.8856927,1,-1,-1,1,-1,1,-1,1,-1,-1,-1,-1,-1,-1,-1,-1
2022-04-10,1.02518,1.03098,1.01817,1.01821,6009.01657,1,-1,-1,1,-1,1,-1,1,-1,1,-1,-1,-1,-1,-1,-1
2022-04-11,1.0112,1.0112,0.93049,0.94137,152190.91550431,1,-1,1,-1,-1,1,-1,1,-1,-1,-1,-1,1,-1,-1,-1
2022-04-12,0.94751,0.96786,0.93646,0.96062,166506.31211571,1,-1,1,-1,-1,1,-1,1,-1,-1,-1,-1,-1,-1,-1,-1
2022-04-13,0.96206,0.97191,0.95223,0.97003,47291.13200493,1,-1,1,-1,-1,1,-1,1,-1,-1,-1,-1,-1,-1,-1,-1
2022-04-14,0.97422,0.98951,0.96284,0.98204,4017.38974133,1,-1,1,-1,-1,1,-1,1,-1,-1,-1,-1,-1,-1,-1,-1
2022-04-15,0.99635,1.0668,0.98809,1.06397,33988.27594881,1,-1,1,-1,1,-1,-1,1,-1,-1,-1,-1,-1,-1,-1,-1
2022-04-16,1.06067,1.0761,1.04896,1.05705,5455.34478032,1,-1,1,-1,1,-1,-1,1,-1,-1,-1,-1,-1,-1,-1,-1
2022-04-17,1.04951,1.05857,1.02111,1.02111,1088.31132367,-1,1,1,-1,1,-1,-1,1,-1,-1,-1,-1,-1,-1,-1,-1
2022-04-18,1.01831,1.03401,0.99703,1.03346,17472.48631335,-1,1,1,-1,1,-1,-1,1,-1,-1,-1,-1,-1,-1,-1,-1
2022-04-19,1.04524,1.04757,1.03167,1.04653,163320.64702419,-1,1,1,-1,1,-1,-1,1,-1,-1,-1,-1,-1,-1,-1,-1
2022-04-20,1.03794,1.03997,1.00626,1.01589,5730.47835474,-1,1,1,-1,1,-1,-1,1,-1,-1,-1,-1,-1,-1,-1,-1
2022-04-21,1.02017,1.03356,0.97332,0.97332,182403.32700785,-1,1,1,-1,1,-1,-1,1,-1,-1,-1,-1,-1,-1,-1,-1
2022-04-22,0.9917,1.0083,0.9917,0.99594,14573.04868343,1,-1,1,-1,1,-1,-1,1,-1,-1,-1,-1,-1,-1,-1,-1
2022-04-23,0.99273,0.99273,0.97422,0.97422,5411.62854629,1,-1,1,-1,1,-1,-1,1,-1,1,-1,-1,-1,-1,-1,-1
2022-04-24,0.9747,0.98196,0.96213,0.96802,2715.53205508,1,-1,1,-1,1,-1,-1,1,-1,-1,-1,-1,-1,-1,-1,-1
2022-04-25,0.95896,0.96499,0.88944,0.96361,142193.30113945,1,-1,1,-1,1,-1,-1,1,-1,-1,-1,-1,-1,-1,-1,-1
2022-04-26,0.97386,0.97813,0.88068,0.89663,28250.91492934,1,-1,1,-1,1,-1,-1,1,-1,-1,-1,-1,1,-1,-1,-1
2022-04-27,0.90046,0.92469,0.89494,0.91595,18107.50291477,1,-1,1,-1,1,-1,-1,1,-1,-1,-1,-1,-1,-1,-1,-1
2022-04-28,0.91324,0.91809,0.90059,0.91282,38938.54150908,1,-1,1,-1,1,-1,-1,1,-1,-1,-1,-1,-1,-1,-1,-1
2022-04-29,0.9076,0.91185,0.85454,0.85506,100663.44165194,1,-1,1,-1,1,-1,-1,1,-1,-1,-1,1,1,-1,-1,-1
2022-04-30,0.88112,0.88271,0.8269,0.8292,4396.36451081,1,-1,1,-1,1,-1,-1,1,-1,-1,-1,-1,1,-1,-1,-1
2022-05-01,0.82759,0.85532,0.81843,0.85247,13032.27135194,1,-1,1,-1,1,-1,-1,1,-1,-1,-1,-1,-1,-1,-1,-1
2022-05-02,0.87637,0.88945,0.85553,0.87262,40368.46120388,1,-1,1,-1,1,-1,-1,1,-1,-1,-1,-1,-1,-1,-1,-1
2022-05-03,0.8751,0.87672,0.84952,0.8552,21716.90322767,1,-1,1,-1,1,-1,-1,1,-1,-1,-1,-1,-1,-1,-1,-1
2022-05-04,0.85651,0.89466,0.855,0.8909,22495.1145654,1,-1,1,-1,1,-1,-1,1,-1,-1,-1,-1,-1,-1,-1,-1
2022-05-05,0.89355,0.90035,0.82946,0.83467,13962.54240452,1,-1,1,-1,1,-1,1,-1,-1,-1,-1,-1,-1,-1,-1,-1
2022-05-06,0.84428,0.86112,0.83515,0.85533,5248.46662961,1,-1,1,-1,1,-1,1,-1,-1,-1,-1,-1,-1,-1,-1,-1
2022-05-07,0.84858,0.85,0.80792,0.80901,8421.71462795,1,-1,1,-1,1,-1,1,-1,-1,-1,-1,-1,-1,-1,-1,-1
2022-05-08,0.82534,0.82778,0.79297,0.81279,86434.15422249,1,-1,1,-1,1,-1,1,-1,-1,-1,-1,-1,-1,-1,-1,-1
2022-05-09,0.81644,0.82244,0.68337,0.69995,41624.66657504,1,-1,1,-1,1,-1,1,-1,-1,-1,-1,-1,1,-1,1,-1
2022-05-10,0.69999,0.76605,0.677,0.74545,93011.33003227,1,-1,1,-1,1,-1,1,-1,-1,-1,-1,-1,-1,-1,-1,-1
2022-05-11,0.73911,0.77943,0.52924,0.59596,314033.73286876,1,-1,1,-1,1,-1,1,-1,-1,-1,-1,-1,1,-1,1,-1
2022-05-12,0.59671,0.61462,0.48987,0.54221,715017.42560775,1,-1,1,-1,1,-1,1,-1,-1,-1,-1,-1,1,-1,1,-1
2022-05-13,0.55544,0.67034,0.54917,0.60822,25282.1890559,1,-1,1,-1,1,-1,1,-1,-1,-1,-1,-1,-1,-1,-1,-1
2022-05-14,0.60829,0.63078,0.57496,0.61316,27828.37167456,1,-1,1,-1,1,-1,1,-1,-1,-1,-1,-1,-1,-1,-1,-1
2022-05-15,0.61438,0.63494,0.60019,0.63494,4298.06563182,1,-1,1,-1,1,-1,1,-1,-1,-1,-1,-1,-1,-1,-1,-1
2022-05-16,0.64077,0.64077,0.59585,0.60301,13296.32085402,1,-1,1,-1,1,-1,1,-1,-1,-1,-1,-1,-1,-1,-1,-1
2022-05-17,0.60829,0.62446,0.5988,0.61966,23633.59793148,1,-1,1,-1,1,-1,1,-1,-1,-1,-1,-1,-1,-1,-1,-1
2022-05-18,0.61724,0.61724,0.58042,0.58617,208372.67087168,1,-1,1,-1,1,-1,1,-1,-1,-1,-1,-1,-1,-1,-1,-1
2022-05-19,0.57633,0.59211,0.56088,0.5914,1753.29860474,1,-1,1,-1,1,-1,1,-1,-1,-1,-1,-1,-1,-1,-1,-1
2022-05-20,0.59329,0.62385,0.5723,0.58717,3544.45147622,1,-1,1,-1,1,-1,1,-1,-1,-1,-1,-1,-1,-1,-1,-1
2022-05-21,0.58069,0.59109,0.57329,0.58468,30170.15991991,1,-1,1,-1,1,-1,1,-1,-1,-1,-1,-1,-1,-1,-1,-1
2022-05-22,0.58688,0.60086,0.58518,0.59839,9590.18861812,1,-1,1,-1,1,-1,1,-1,-1,-1,-1,-1,-1,-1,-1,-1
2022-05-23,0.5993,0.59949,0.56657,0.56657,396795.1287018,1,-1,1,-1,1,-1,1,-1,-1,-1,-1,-1,-1,-1,-1,-1
2022-05-24,0.57574,0.58388,0.55356,0.57604,139370.9928091,1,-1,1,-1,1,-1,1,-1,-1,-1,-1,-1,-1,-1,-1,-1
2022-05-25,0.57624,0.5801,0.5606,0.57308,133232.52313911,1,-1,1,-1,1,-1,1,-1,-1,-1,-1,-1,-1,-1,-1,-1
2022-05-26,0.57664,0.57664,0.53452,0.55258,64173.21109367,1,-1,1,-1,1,-1,1,-1,-1,-1,-1,-1,-1,-1,-1,-1
2022-05-27,0.55438,0.56175,0.52751,0.53062,20756.12478295,1,-1,1,-1,1,-1,1,-1,-1,-1,-1,-1,1,-1,-1,-1
2022-05-28,0.53752,0.54094,0.5349,0.53591,5480.07670243,1,-1,1,-1,1,-1,1,-1,-1,-1,-1,-1,1,-1,-1,-1
2022-05-29,0.53664,0.54309,0.53243,0.54309,8006.18514245,1,-1,1,-1,1,-1,1,-1,-1,-1,-1,-1,-1,-1,-1,-1
2022-05-30,0.54302,0.5745,0.54302,0.5745,14850.40815811,1,-1,1,-1,1,-1,1,-1,-1,-1,-1,-1,-1,-1,-1,-1
2022-05-31,0.58176,0.59881,0.57,0.58711,32858.37608572,1,-1,1,-1,1,-1,1,-1,-1,-1,-1,-1,-1,-1,-1,-1
2022-06-01,0.58253,0.58689,0.54271,0.55346,162302.78984778,1,-1,1,-1,1,-1,1,-1,-1,-1,-1,-1,-1,-1,-1,-1
2022-06-02,0.55559,0.55887,0.54554,0.55831,13995.56651158,-1,1,1,-1,1,-1,1,-1,-1,-1,-1,-1,-1,-1,-1,-1
2022-06-03,0.56031,0.56411,0.53596,0.54073,6399.32223221,-1,1,1,-1,1,-1,1,-1,-1,-1,-1,-1,-1,-1,-1,-1
2022-06-04,0.53437,0.54488,0.53437,0.54179,3594.23536198,-1,1,1,-1,1,-1,1,-1,-1,-1,-1,-1,-1,-1,-1,-1
2022-06-05,0.54398,0.54964,0.54398,0.54964,963.96356939,1,-1,1,-1,1,-1,1,-1,-1,-1,-1,-1,-1,-1,-1,-1
2022-06-06,0.5528,0.56357,0.5528,0.55846,2588.84891616,1,-1,1,-1,1,-1,1,-1,-1,-1,-1,-1,-1,-1,-1,-1
2022-06-07,0.55752,0.57516,0.53715,0.56198,58419.42287804,1,-1,1,-1,1,-1,1,-1,-1,-1,-1,-1,-1,-1,-1,-1
2022-06-08,0.56048,0.56048,0.55309,0.55691,8648.18201241,1,-1,1,-1,1,-1,1,-1,-1,-1,-1,-1,-1,-1,-1,-1
2022-06-09,0.55839,0.56457,0.55449,0.5595,479206.01422181,-1,1,1,-1,1,-1,1,-1,-1,-1,-1,-1,-1,-1,-1,-1
2022-06-10,0.55689,0.57206,0.53269,0.54023,4750.20384752,-1,1,1,-1,1,-1,1,-1,-1,-1,-1,-1,-1,-1,-1,-1
2022-06-11,0.54411,0.54916,0.50554,0.50554,16816.36386834,1,-1,1,-1,1,-1,1,-1,-1,-1,-1,-1,1,-1,-1,-1
2022-06-12,0.50364,0.51298,0.48605,0.49025,14898.78416244,1,-1,1,-1,1,-1,1,-1,-1,-1,-1,-1,1,-1,-1,-1
2022-06-13,0.48982,0.49128,0.437,0.44325,1079308.94562663,1,-1,1,-1,1,-1,1,-1,-1,-1,-1,-1,1,-1,1,-1
2022-06-14,0.44539,0.46654,0.425,0.46654,177503.35371464,1,-1,1,-1,1,-1,1,-1,-1,-1,-1,-1,1,-1,-1,-1
2022-06-15,0.46307,0.49389,0.432,0.49053,40919.96561025,1,-1,1,-1,1,-1,1,-1,-1,-1,-1,-1,-1,-1,-1,-1
2022-06-16,0.49114,0.49214,0.43643,0.44037,30456.22154828,1,-1,1,-1,1,-1,1,-1,-1,-1,-1,-1,1,-1,-1,-1
2022-06-17,0.44327,0.48466,0.44327,0.46404,138369.45400132,1,-1,1,-1,1,-1,1,-1,-1,-1,-1,-1,-1,-1,-1,-1
2022-06-18,0.46423,0.46479,0.41929,0.4437,24437.94528843,1,-1,1,-1,1,-1,1,-1,-1,-1,-1,-1,-1,-1,-1,-1
2022-06-19,0.44821,0.47816,0.43267,0.46656,22686.29261773,1,-1,1,-1,1,-1,1,-1,-1,-1,-1,-1,-1,-1,-1,-1
2022-06-20,0.46996,0.46996,0.45161,0.46601,125139.48413576,1,-1,1,-1,1,-1,1,-1,-1,-1,-1,-1,-1,-1,-1,-1
2022-06-21,0.46186,0.48147,0.45852,0.47231,53392.04542863,1,-1,1,-1,1,-1,1,-1,-1,-1,-1,-1,-1,-1,-1,-1
2022-06-22,0.46879,0.47229,0.46227,0.46665,23991.26616024,-1,1,1,-1,1,-1,1,-1,-1,-1,-1,-1,-1,-1,-1,-1
2022-06-23,0.47192,0.48776,0.46681,0.48776,12461.20709195,-1,1,1,-1,1,-1,1,-1,-1,-1,-1,-1,-1,-1,-1,-1
2022-06-24,0.48738,0.55746,0.48738,0.53203,10838.21195587,-1,1,1,-1,1,-1,1,-1,-1,-1,-1,-1,-1,-1,-1,-1
2022-06-25,0.52885,0.5368,0.51247,0.52824,14128.68983186,-1,1,1,-1,1,-1,1,-1,-1,-1,-1,-1,-1,-1,-1,-1
2022-06-26,0.52746,0.53848,0.51578,0.51578,32453.48833381,-1,1,1,-1,1,-1,1,-1,-1,-1,-1,-1,-1,-1,-1,-1
2022-06-27,0.51994,0.52727,0.50525,0.51685,34047.93893839,-1,1,1,-1,1,-1,1,-1,-1,-1,-1,-1,-1,-1,-1,-1
2022-06-28,0.51005,0.51005,0.48603,0.49237,7524.53343679,-1,1,1,-1,1,-1,1,-1,-1,-1,-1,-1,-1,-1,-1,-1
2022-06-29,0.48571,0.49106,0.46877,0.47537,44229.15327855,-1,1,1,-1,1,-1,1,-1,-1,-1,-1,-1,-1,-1,-1,-1
2022-06-30,0.47858,0.48103,0.44399,0.48103,114978.6920479,1,-1,1,-1,1,-1,1,-1,-1,-1,-1,-1,-1,-1,-1,-1
2022-07-01,0.47912,0.48357,0.45519,0.45977,23395.56194634,1,-1,1,-1,1,-1,1,-1,-1,-1,-1,-1,-1,-1,-1,-1
2022-07-02,0.45931,0.46477,0.45339,0.46477,16961.89336324,1,-1,1,-1,1,-1,1,-1,-1,-1,-1,-1,-1,-1,-1,-1
2022-07-03,0.45984,0.47526,0.45486,0.47156,7819.77953753,1,-1,1,-1,1,-1,1,-1,-1,-1,-1,-1,-1,-1,-1,-1
2022-07-04,0.47079,0.47781,0.45919,0.47781,112590.39571361,1,-1,1,-1,1,-1,1,-1,-1,-1,-1,-1,-1,-1,-1,-1
2022-07-05,0.4769,0.48074,0.46364,0.47642,71743.08526608,1,-1,1,-1,1,-1,1,-1,-1,-1,-1,-1,-1,-1,-1,-1
2022-07-06,0.47944,0.49033,0.47022,0.49033,24919.99516251,1,-1,1,-1,1,-1,1,-1,-1,-1,-1,-1,-1,-1,-1,-1
2022-07-07,0.49101,0.50257,0.48032,0.50037,58906.56059238,-1,1,1,-1,1,-1,1,-1,-1,-1,-1,-1,-1,-1,-1,-1
2022-07-08,0.50097,0.52127,0.49313,0.49895,36093.17008295,-1,1,1,-1,1,-1,1,-1,-1,-1,-1,-1,-1,-1,-1,-1
2022-07-09,0.49839,0.5047,0.49434,0.50154,16350.75117415,-1,1,1,-1,1,-1,1,-1,-1,-1,-1,-1,-1,-1,-1,-1
2022-07-10,0.50128,0.50128,0.46628,0.47534,67322.88058035,-1,1,1,-1,1,-1,1,-1,-1,-1,-1,-1,-1,-1,-1,-1
2022-07-11,0.47343,0.48428,0.4648,0.46538,82316.13948743,-1,1,1,-1,1,-1,1,-1,-1,-1,-1,-1,-1,-1,-1,-1
2022-07-12,0.46859,0.47121,0.45735,0.46191,26938.71911204,1,-1,1,-1,1,-1,1,-1,-1,-1,-1,-1,-1,-1,-1,-1
2022-07-13,0.45891,0.48307,0.45184,0.48307,6937.59751516,1,-1,1,-1,1,-1,1,-1,-1,-1,-1,-1,-1,-1,-1,-1
2022-07-14,0.47808,0.49158,0.46636,0.48929,29969.24844388,1,-1,1,-1,1,-1,1,-1,-1,-1,-1,-1,-1,-1,-1,-1
2022-07-15,0.49495,0.51713,0.48411,0.49216,20830.70292877,1,-1,1,-1,1,-1,1,-1,-1,-1,-1,-1,-1,-1,-1,-1
2022-07-16,0.48978,0.52277,0.48827,0.51758,9804.81409362,-1,1,1,-1,1,-1,1,-1,-1,-1,-1,-1,-1,-1,-1,-1
2022-07-17,0.51892,0.53156,0.50565,0.50606,10526.96118141,-1,1,1,-1,1,-1,1,-1,-1,-1,-1,-1,-1,-1,-1,-1
2022-07-18,0.51109,0.53932,0.51109,0.53263,14993.01318637,-1,1,1,-1,1,-1,1,-1,-1,-1,-1,-1,-1,-1,-1,-1
2022-07-19,0.53684,0.54667,0.51483,0.54101,32495.59944294,-1,1,1,-1,1,-1,1,-1,-1,-1,-1,-1,-1,-1,-1,-1
2022-07-20,0.54307,0.55299,0.52159,0.52257,17566.69930488,-1,1,-1,1,1,-1,1,-1,1,-1,-1,-1,-1,-1,-1,-1
2022-07-21,0.52666,0.53198,0.50972,0.53134,51761.68688696,-1,1,-1,1,1,-1,1,-1,-1,-1,-1,-1,-1,-1,-1,-1
2022-07-22,0.52717,0.53593,0.51563,0.51859,37382.65332429,-1,1,-1,1,1,-1,1,-1,-1,-1,-1,-1,-1,-1,-1,-1
2022-07-23,0.51981,0.5246,0.50603,0.52034,19750.74210467,-1,1,-1,1,-1,1,1,-1,-1,-1,-1,-1,-1,-1,-1,-1
2022-07-24,0.52222,0.5274,0.5161,0.51944,10967.96789508,-1,1,-1,1,-1,1,1,-1,-1,-1,-1,-1,-1,-1,-1,-1
2022-07-25,0.52103,0.52103,0.48447,0.48447,338610.62081459,1,-1,-1,1,-1,1,1,-1,-1,-1,-1,-1,-1,-1,-1,-1
2022-07-26,0.48375,0.48461,0.4718,0.48393,89708.87357824,1,-1,-1,1,-1,1,1,-1,-1,-1,-1,-1,-1,-1,-1,-1
2022-07-27,0.48742,0.51614,0.47978,0.51428,720438.43986633,1,-1,-1,1,-1,1,1,-1,-1,-1,-1,-1,-1,-1,-1,-1
2022-07-28,0.51515,0.54359,0.50362,0.5327,223058.49505187,1,-1,-1,1,-1,1,1,-1,-1,-1,-1,-1,-1,-1,-1,-1
2022-07-29,0.53467,0.5421,0.51957,0.53174,139273.82130961,1,-1,-1,1,-1,1,1,-1,-1,-1,-1,-1,-1,-1,-1,-1
2022-07-30,0.5279,0.58569,0.52257,0.5559,40245.76438549,-1,1,-1,1,-1,1,1,-1,1,-1,-1,-1,-1,-1,-1,-1
2022-07-31,0.5541,0.56872,0.54452,0.54726,18075.17084355,-1,1,-1,1,-1,1,1,-1,-1,-1,-1,-1,-1,-1,-1,-1
2022-08-01,0.54716,0.55423,0.52946,0.543,38077.96899968,-1,1,-1,1,-1,1,1,-1,-1,-1,-1,-1,-1,-1,-1,-1
2022-08-02,0.54027,0.55412,0.52513,0.54141,85732.05592367,-1,1,-1,1,-1,1,1,-1,-1,-1,-1,-1,-1,-1,-1,-1
2022-08-03,0.53285,0.54401,0.52532,0.53114,8163.36109668,-1,1,-1,1,-1,1,1,-1,-1,-1,-1,-1,-1,-1,-1,-1
2022-08-04,0.53304,0.5386,0.52792,0.53463,13675.35098748,-1,1,-1,1,-1,1,1,-1,-1,-1,-1,-1,-1,-1,-1,-1
2022-08-05,0.53283,0.54326,0.53176,0.54326,15623.75267049,-1,1,-1,1,-1,1,1,-1,-1,-1,-1,-1,-1,-1,-1,-1
2022-08-06,0.54366,0.54443,0.54025,0.54104,16294.97698063,1,-1,-1,1,-1,1,1,-1,-1,-1,-1,-1,-1,-1,-1,-1
2022-08-07,0.53826,0.54454,0.53297,0.53977,32849.83760422,1,-1,-1,1,-1,1,1,-1,-1,-1,-1,-1,-1,-1,-1,-1
2022-08-08,0.54268,0.54967,0.53698,0.54095,12182.5436065,1,-1,-1,1,-1,1,1,-1,-1,-1,-1,-1,-1,-1,-1,-1
2022-08-09,0.5417,0.54382,0.52155,0.53045,17967.87940699,1,-1,-1,1,-1,1,1,-1,-1,-1,-1,-1,-1,-1,-1,-1
2022-08-10,0.52661,0.54019,0.51753,0.53921,80228.26592787,1,-1,-1,1,-1,1,1,-1,-1,-1,-1,-1,-1,-1,-1,-1
2022-08-11,0.53921,0.54484,0.53231,0.5375,70157.58219856,1,-1,-1,1,-1,1,1,-1,-1,-1,-1,-1,-1,-1,-1,-1
2022-08-12,0.53374,0.5343,0.52315,0.53354,54399.88217277,1,-1,-1,1,-1,1,1,-1,-1,-1,-1,-1,-1,-1,-1,-1
2022-08-13,0.53185,0.54243,0.53046,0.53096,15614.19750094,1,-1,-1,1,-1,1,1,-1,-1,-1,-1,-1,-1,-1,-1,-1
2022-08-14,0.53004,0.54895,0.52646,0.5308,20033.06962731,1,-1,-1,1,-1,1,1,-1,-1,-1,-1,-1,-1,-1,-1,-1
2022-08-15,0.52812,0.54307,0.52001,0.53546,49451.57678116,1,-1,-1,1,-1,1,1,-1,-1,-1,-1,-1,-1,-1,-1,-1
2022-08-16,0.53461,0.53845,0.52634,0.53783,121345.2337027,1,-1,-1,1,-1,1,1,-1,-1,-1,-1,-1,-1,-1,-1,-1
2022-08-17,0.5379,0.55992,0.53459,0.54749,37275.39215156,-1,1,-1,1,-1,1,1,-1,-1,-1,-1,-1,-1,-1,-1,-1
2022-08-18,0.54843,0.54996,0.5368,0.5368,20587.46814773,-1,1,-1,1,-1,1,1,-1,-1,-1,-1,-1,-1,-1,-1,-1
2022-08-19,0.53388,0.53388,0.485,0.49162,90295.92210967,1,-1,-1,1,-1,1,1,-1,-1,-1,-1,-1,1,-1,-1,-1
2022-08-20,0.48861,0.49929,0.48774,0.49119,6089.13912393,1,-1,-1,1,-1,1,1,-1,-1,-1,-1,-1,1,-1,-1,-1
2022-08-21,0.49072,0.50685,0.49064,0.5017,22176.4404907,1,-1,-1,1,-1,1,1,-1,-1,-1,-1,-1,-1,-1,-1,-1
2022-08-22,0.50151,0.5018,0.48378,0.50043,21241.92784187,1,-1,-1,1,-1,1,1,-1,-1,-1,-1,-1,-1,-1,-1,-1
2022-08-23,0.49987,0.50213,0.4854,0.50213,23916.51002392,1,-1,-1,1,-1,1,1,-1,-1,-1,-1,-1,-1,-1,-1,-1
2022-08-24,0.50282,0.50808,0.49117,0.49977,36744.25691863,1,-1,1,-1,-1,1,1,-1,-1,-1,-1,-1,-1,-1,-1,-1
2022-08-25,0.49963,0.50406,0.49533,0.49932,6432.36128594,1,-1,1,-1,-1,1,1,-1,-1,-1,-1,-1,-1,-1,-1,-1
2022-08-26,0.49748,0.53057,0.48425,0.49217,34149.70493609,1,-1,1,-1,-1,1,1,-1,-1,-1,-1,-1,-1,-1,-1,-1
2022-08-27,0.49395,0.49955,0.47936,0.48658,15543.64121339,1,-1,1,-1,-1,1,-1,1,-1,-1,-1,-1,1,-1,-1,-1
2022-08-28,0.48574,0.48805,0.47,0.47,7804.9088263,1,-1,1,-1,1,-1,-1,1,-1,-1,-1,-1,1,-1,-1,-1
2022-08-29,0.468,0.48372,0.46579,0.48295,39751.64889722,1,-1,1,-1,1,-1,-1,1,-1,-1,-1,-1,-1,-1,-1,-1
2022-08-30,0.48319,0.48594,0.46781,0.48069,26991.18923677,1,-1,1,-1,1,-1,-1,1,-1,-1,-1,-1,-1,-1,-1,-1
2022-08-31,0.47652,0.48563,0.47543,0.47901,20227.16916942,1,-1,1,-1,1,-1,-1,1,-1,-1,-1,-1,-1,-1,-1,-1
2022-09-01,0.47977,0.48913,0.47349,0.48912,10120.61769946,1,-1,1,-1,1,-1,-1,1,-1,-1,-1,-1,-1,-1,-1,-1
2022-09-02,0.48986,0.4945,0.47995,0.4862,77842.48746019,1,-1,1,-1,1,-1,-1,1,-1,-1,-1,-1,-1,-1,-1,-1
2022-09-03,0.48823,0.48823,0.48116,0.48495,6617.43325524,1,-1,1,-1,1,-1,-1,1,-1,-1,-1,-1,-1,-1,-1,-1
2022-09-04,0.48454,0.48932,0.48296,0.48796,25425.46246039,-1,1,1,-1,1,-1,-1,1,-1,-1,-1,-1,-1,-1,-1,-1
2022-09-05,0.48985,0.4899,0.4767,0.48682,7311.88813713,-1,1,1,-1,1,-1,-1,1,-1,-1,-1,-1,-1,-1,-1,-1
2022-09-06,0.48998,0.50243,0.477,0.4814,22658.12193228,-1,1,1,-1,1,-1,-1,1,-1,-1,-1,-1,-1,-1,-1,-1
2022-09-07,0.47855,0.50101,0.4677,0.49893,31058.54973846,-1,1,1,-1,1,-1,-1,1,-1,-1,-1,-1,-1,-1,-1,-1
2022-09-08,0.49909,0.50577,0.48847,0.50442,21603.11440487,-1,1,1,-1,1,-1,-1,1,-1,-1,-1,-1,-1,-1,-1,-1
2022-09-09,0.5031,0.52308,0.50102,0.52272,42339.62577421,-1,1,1,-1,1,-1,-1,1,-1,-1,-1,-1,-1,-1,-1,-1
2022-09-10,0.52003,0.52664,0.51355,0.52239,18980.61700891,-1,1,1,-1,1,-1,-1,1,-1,-1,-1,-1,-1,-1,-1,-1
2022-09-11,0.52416,0.52655,0.51555,0.51862,65159.74539424,-1,1,1,-1,1,-1,-1,1,-1,-1,-1,-1,-1,-1,-1,-1
2022-09-12,0.51872,0.52225,0.51085,0.52225,9989.64069739,-1,1,1,-1,1,-1,-1,1,-1,-1,-1,-1,-1,-1,-1,-1
2022-09-13,0.51764,0.51928,0.4853,0.49329,184308.45831764,-1,1,1,-1,1,-1,-1,1,-1,-1,-1,-1,-1,-1,-1,-1
2022-09-14,0.49393,0.50714,0.49393,0.50585,20444.93578951,-1,1,1,-1,1,-1,-1,1,-1,-1,-1,-1,-1,-1,-1,-1
2022-09-15,0.50213,0.5061,0.48534,0.48708,98310.44106895,1,-1,1,-1,1,-1,-1,1,-1,-1,-1,-1,-1,-1,-1,-1
2022-09-16,0.48672,0.52992,0.48172,0.52992,56635.38708308,1,-1,1,-1,1,-1,-1,1,-1,-1,-1,-1,-1,-1,-1,-1
2022-09-17,0.52841,0.56869,0.51704,0.55767,41640.29253977,1,-1,-1,1,1,-1,-1,1,-1,-1,-1,-1,-1,-1,-1,-1
2022-09-18,0.55596,0.59085,0.53026,0.53262,15795.66494713,-1,1,-1,1,1,-1,-1,1,-1,-1,-1,-1,-1,-1,-1,-1
2022-09-19,0.53457,0.58523,0.51021,0.57558,130784.95855034,-1,1,-1,1,1,-1,-1,1,-1,-1,-1,-1,-1,-1,-1,-1
2022-09-20,0.57974,0.63255,0.55387,0.62099,87225.48269048,-1,1,-1,1,1,-1,-1,1,-1,-1,-1,-1,-1,1,-1,1
2022-09-21,0.61897,0.64435,0.57322,0.59829,51557.41597697,-1,1,-1,1,-1,1,-1,1,1,-1,-1,-1,-1,-1,-1,-1
2022-09-22,0.59779,0.74678,0.59779,0.73159,102708.11165637,-1,1,-1,1,-1,1,-1,1,-1,-1,-1,-1,-1,1,-1,1
2022-09-23,0.73241,0.83365,0.70234,0.77607,96896.42062962,-1,1,-1,1,-1,1,-1,1,-1,-1,-1,-1,-1,1,-1,1
2022-09-24,0.78225,0.79274,0.72799,0.74987,50604.4738818,-1,1,-1,1,-1,1,-1,1,-1,-1,1,-1,-1,1,-1,1
2022-09-25,0.74698,0.79553,0.7295,0.75597,20090.96878944,-1,1,-1,1,-1,1,-1,1,-1,-1,-1,-1,-1,1,-1,1
2022-09-26,0.75426,0.76783,0.70813,0.72002,146956.47913362,-1,1,-1,1,-1,1,-1,1,-1,-1,-1,-1,-1,-1,-1,-1
2022-09-27,0.72109,0.7474,0.68063,0.6959,43575.61684046,-1,1,-1,1,-1,1,-1,1,-1,-1,-1,-1,-1,-1,-1,-1
2022-09-28,0.69178,0.6961,0.65478,0.69448,39203.67636878,-1,1,-1,1,-1,1,-1,1,-1,-1,-1,-1,-1,-1,-1,-1
2022-09-29,0.69191,0.78602,0.66217,0.7465,62763.08787743,-1,1,-1,1,-1,1,-1,1,-1,-1,-1,-1,-1,-1,-1,-1
2022-09-30,0.74988,0.77197,0.72607,0.75196,52150.39891047,1,-1,-1,1,-1,1,-1,1,-1,-1,-1,-1,-1,-1,-1,-1
2022-10-01,0.74833,0.75687,0.73335,0.74392,17923.00243266,1,-1,-1,1,-1,1,-1,1,-1,-1,-1,-1,-1,-1,-1,-1
2022-10-02,0.74377,0.74591,0.69509,0.70054,20020.68827965,1,-1,-1,1,-1,1,-1,1,-1,-1,-1,-1,-1,-1,-1,-1
2022-10-03,0.69892,0.71763,0.68136,0.71314,12253.97229924,-1,1,-1,1,-1,1,-1,1,-1,-1,-1,-1,-1,-1,-1,-1
2022-10-04,0.70959,0.74884,0.69507,0.73977,71321.74047316,-1,1,-1,1,-1,1,-1,1,-1,-1,-1,-1,-1,-1,-1,-1
2022-10-05,0.72989,0.76857,0.72759,0.75528,37687.12747849,-1,1,-1,1,-1,1,-1,1,-1,-1,-1,-1,-1,-1,-1,-1
2022-10-06,0.75815,0.78142,0.7557,0.76971,41121.77622858,-1,1,-1,1,-1,1,-1,1,-1,-1,-1,-1,-1,-1,-1,-1
2022-10-07,0.76647,0.82519,0.75327,0.81091,54042.1187404,-1,1,-1,1,-1,1,-1,1,-1,-1,-1,-1,-1,1,-1,1
2022-10-08,0.81342,0.82894,0.80679,0.81018,22150.78100667,-1,1,-1,1,-1,1,-1,1,-1,-1,-1,-1,-1,1,-1,1
2022-10-09,0.80912,0.85009,0.73252,0.8372,246759.42476726,-1,1,-1,1,-1,1,-1,1,-1,-1,-1,-1,-1,1,-1,1
2022-10-10,0.83121,0.84234,0.78633,0.78633,47636.41069911,-1,1,-1,1,-1,1,-1,1,-1,-1,-1,-1,-1,-1,-1,-1
2022-10-11,0.78264,0.79425,0.76671,0.77343,193767.83292244,-1,1,-1,1,-1,1,-1,1,-1,-1,-1,-1,-1,-1,-1,-1
2022-10-12,0.77282,0.79102,0.77228,0.78,45725.32392703,-1,1,-1,1,-1,1,-1,1,-1,-1,-1,-1,-1,-1,-1,-1
2022-10-13,0.77693,0.77693,0.70635,0.76419,229888.31543345,-1,1,-1,1,-1,1,-1,1,-1,-1,-1,-1,-1,-1,-1,-1
2022-10-14,0.75931,0.80881,0.75931,0.78601,28586.8995225,1,-1,-1,1,-1,1,-1,1,-1,-1,-1,-1,-1,-1,-1,-1
2022-10-15,0.78673,0.78772,0.77186,0.77471,10379.55233198,1,-1,-1,1,-1,1,-1,1,-1,-1,-1,-1,-1,-1,-1,-1
2022-10-16,0.77842,0.7838,0.75862,0.76661,27614.61011548,1,-1,-1,1,-1,1,-1,1,-1,-1,-1,-1,-1,-1,-1,-1
2022-10-17,0.76553,0.76553,0.74511,0.76467,6643.33645861,1,-1,-1,1,-1,1,-1,1,-1,-1,-1,-1,-1,-1,-1,-1
2022-10-18,0.76311,0.76466,0.73102,0.73677,56748.04305662,1,-1,-1,1,-1,1,-1,1,-1,-1,-1,-1,-1,-1,-1,-1
2022-10-19,0.73398,0.74009,0.71803,0.71803,62735.49655341,1,-1,-1,1,-1,1,-1,1,-1,-1,-1,-1,-1,-1,-1,-1
2022-10-20,0.72201,0.73929,0.66,0.7099,79657.19973869,1,-1,-1,1,-1,1,-1,1,-1,1,-1,-1,-1,-1,-1,-1
2022-10-21,0.70866,0.72391,0.70321,0.72191,98108.07868135,1,-1,-1,1,-1,1,-1,1,-1,-1,-1,-1,-1,-1,-1,-1
2022-10-22,0.72226,0.73681,0.71638,0.72951,23662.15115447,1,-1,-1,1,-1,1,-1,1,-1,-1,-1,-1,-1,-1,-1,-1
2022-10-23,0.7254,0.73915,0.71158,0.73757,37002.46782913,1,-1,-1,1,-1,1,-1,1,-1,-1,-1,-1,-1,-1,-1,-1
2022-10-24,0.73756,0.74219,0.71637,0.71691,15660.37247673,1,-1,-1,1,-1,1,-1,1,-1,-1,-1,-1,-1,-1,-1,-1
2022-10-25,0.71586,0.73499,0.70266,0.71919,49197.37998941,1,-1,-1,1,-1,1,-1,1,-1,-1,-1,-1,-1,-1,-1,-1
2022-10-26,0.72187,0.72648,0.71347,0.7217,17966.91169891,1,-1,-1,1,-1,1,-1,1,-1,-1,-1,-1,-1,-1,-1,-1
2022-10-27,0.72617,0.7386,0.7143,0.71466,68641.47925569,1,-1,-1,1,-1,1,-1,1,-1,-1,-1,-1,-1,-1,-1,-1
2022-10-28,0.72116,0.73886,0.71086,0.73879,35607.81068351,1,-1,-1,1,-1,1,-1,1,-1,-1,-1,-1,-1,-1,-1,-1
2022-10-29,0.73557,0.75155,0.73176,0.73425,9047.90038169,-1,1,-1,1,-1,1,-1,1,-1,-1,-1,-1,-1,-1,-1,-1
2022-10-30,0.73485,0.73527,0.71344,0.71478,21755.56113746,1,-1,-1,1,-1,1,-1,1,-1,-1,-1,-1,-1,-1,-1,-1
2022-10-31,0.71219,0.72808,0.7,0.72367,18890.08211625,-1,1,-1,1,-1,1,-1,1,-1,-1,-1,-1,-1,-1,-1,-1
2022-11-01,0.72629,0.73095,0.7078,0.73095,284264.12687591,-1,1,-1,1,-1,1,-1,1,-1,-1,-1,-1,-1,-1,-1,-1
2022-11-02,0.72401,0.7261,0.70371,0.71013,86249.57479204,-1,1,-1,1,-1,1,-1,1,-1,-1,-1,-1,-1,-1,-1,-1
2022-11-03,0.71129,0.73216,0.71129,0.72557,35675.51884264,1,-1,-1,1,-1,1,-1,1,-1,-1,-1,-1,-1,-1,-1,-1
2022-11-04,0.72121,0.79768,0.72121,0.77795,204277.39410528,-1,1,-1,1,-1,1,-1,1,-1,-1,-1,-1,-1,-1,-1,-1
2022-11-05,0.78316,0.78502,0.7606,0.76411,31872.18525317,-1,1,-1,1,-1,1,-1,1,-1,-1,-1,-1,-1,-1,-1,-1
2022-11-06,0.76134,0.76134,0.72961,0.72961,103174.32092196,-1,1,-1,1,1,-1,-1,1,-1,-1,-1,-1,-1,-1,-1,-1
2022-11-07,0.7325,0.74148,0.7108,0.71854,106263.80987216,-1,1,1,-1,1,-1,-1,1,-1,-1,-1,-1,-1,-1,-1,-1
2022-11-08,0.72071,0.72212,0.53128,0.62919,211415.50239318,-1,1,1,-1,1,-1,-1,1,-1,1,-1,-1,1,-1,-1,-1
2022-11-09,0.62486,0.62883,0.5,0.51675,356189.60241543,1,-1,1,-1,1,-1,-1,1,-1,-1,-1,-1,1,-1,1,-1
2022-11-10,0.51649,0.60594,0.51476,0.59777,246940.08659157,1,-1,1,-1,1,-1,-1,1,-1,-1,-1,-1,-1,-1,-1,-1
2022-11-11,0.59619,0.60473,0.54927,0.56834,102368.77098533,1,-1,1,-1,1,-1,-1,1,-1,-1,-1,1,-1,-1,-1,-1
2022-11-12,0.56618,0.56618,0.53671,0.53867,123568.14298613,1,-1,1,-1,1,-1,-1,1,-1,-1,-1,-1,-1,-1,-1,-1
2022-11-13,0.53825,0.5476,0.4963,0.50841,219289.92380952,1,-1,1,-1,1,-1,-1,1,-1,-1,-1,-1,1,-1,-1,-1
2022-11-14,0.50542,0.56162,0.47972,0.55789,531832.91098715,1,-1,1,-1,1,-1,-1,1,-1,-1,-1,-1,-1,-1,-1,-1
2022-11-15,0.56162,0.58226,0.54507,0.57161,110389.69711023,1,-1,1,-1,1,-1,-1,1,-1,-1,-1,-1,-1,-1,-1,-1
2022-11-16,0.56715,0.57604,0.53943,0.55764,33142.78529751,1,-1,1,-1,1,-1,-1,1,-1,-1,-1,-1,-1,-1,-1,-1
2022-11-17,0.55557,0.57502,0.55214,0.56996,42171.579726,1,-1,1,-1,1,-1,-1,1,-1,-1,-1,-1,-1,-1,-1,-1
2022-11-18,0.57049,0.57501,0.55984,0.57071,126339.28957293,-1,1,1,-1,1,-1,-1,1,-1,-1,-1,-1,-1,-1,-1,-1
2022-11-19,0.56544,0.57944,0.56406,0.57542,18603.56117021,-1,1,1,-1,1,-1,-1,1,-1,-1,-1,-1,-1,-1,-1,-1
2022-11-20,0.57476,0.59525,0.53686,0.53896,210338.01491617,-1,1,1,-1,1,-1,-1,1,-1,-1,-1,-1,-1,-1,-1,-1
2022-11-21,0.53208,0.55424,0.52187,0.55054,55831.98671196,-1,1,1,-1,1,-1,-1,1,-1,-1,-1,-1,-1,-1,-1,-1
2022-11-22,0.55001,0.56688,0.52996,0.56358,577761.50318404,-1,1,1,-1,1,-1,-1,1,-1,-1,-1,-1,-1,-1,-1,-1
2022-11-23,0.56469,0.57016,0.55079,0.56537,53533.53812085,1,-1,1,-1,1,-1,-1,1,-1,-1,-1,-1,-1,-1,-1,-1
2022-11-24,0.55998,0.59692,0.55793,0.59241,78032.34828955,1,-1,1,-1,1,-1,-1,1,-1,-1,-1,-1,-1,-1,-1,-1
2022-11-25,0.58975,0.61755,0.5739,0.60358,144444.93262729,-1,1,1,-1,1,-1,-1,1,-1,-1,-1,-1,-1,-1,-1,-1
2022-11-26,0.6048,0.61172,0.58437,0.58652,24231.40607964,-1,1,1,-1,1,-1,-1,1,-1,-1,-1,-1,-1,-1,-1,-1
2022-11-27,0.58757,0.60337,0.58652,0.58981,27412.46951743,-1,1,1,-1,1,-1,-1,1,-1,-1,-1,-1,-1,-1,-1,-1
2022-11-28,0.59182,0.59344,0.56104,0.58631,166705.79972257,-1,1,1,-1,1,-1,-1,1,-1,-1,-1,-1,-1,-1,-1,-1
2022-11-29,0.58531,0.6022,0.57414,0.59694,61877.94240529,-1,1,1,-1,1,-1,-1,1,-1,-1,-1,-1,-1,-1,-1,-1
2022-11-30,0.59684,0.60901,0.58784,0.60253,30006.59785341,-1,1,1,-1,1,-1,-1,1,-1,-1,-1,-1,-1,-1,-1,-1
2022-12-01,0.59807,0.59807,0.57981,0.58157,60541.49245756,-1,1,1,-1,1,-1,-1,1,-1,-1,-1,-1,-1,-1,-1,-1
2022-12-02,0.58083,0.58542,0.56458,0.58239,24723.20137814,-1,1,1,-1,1,-1,-1,1,-1,-1,-1,-1,-1,-1,-1,-1
2022-12-03,0.58159,0.58256,0.57052,0.57052,12508.95121162,1,-1,1,-1,1,-1,-1,1,-1,-1,-1,-1,-1,-1,-1,-1
2022-12-04,0.572,0.57771,0.56788,0.57202,206119.35950379,1,-1,1,-1,1,-1,-1,1,-1,-1,-1,-1,-1,-1,-1,-1
2022-12-05,0.57175,0.58384,0.56834,0.57927,143095.07966746,1,-1,1,-1,1,-1,-1,1,-1,-1,-1,-1,-1,-1,-1,-1
2022-12-06,0.58184,0.58441,0.56395,0.58441,204681.90006177,1,-1,1,-1,1,-1,1,-1,-1,-1,-1,-1,-1,-1,-1,-1
2022-12-07,0.5825,0.58388,0.55959,0.56748,42690.85429781,1,-1,1,-1,1,-1,1,-1,-1,-1,-1,-1,-1,-1,-1,-1
2022-12-08,0.5731,0.5821,0.57115,0.5821,79328.01064625,1,-1,1,-1,1,-1,1,-1,-1,-1,-1,-1,-1,-1,-1,-1
2022-12-09,0.58279,0.58456,0.56692,0.57146,288641.90031606,1,-1,1,-1,1,-1,1,-1,-1,-1,-1,-1,-1,-1,-1,-1
2022-12-10,0.57131,0.58566,0.56917,0.56972,238968.40871794,1,-1,1,-1,1,-1,1,-1,-1,-1,-1,-1,-1,-1,-1,-1
2022-12-11,0.56992,0.57493,0.55795,0.56364,467274.16294707,1,-1,1,-1,1,-1,1,-1,-1,-1,-1,-1,-1,-1,-1,-1
2022-12-12,0.56219,0.57253,0.54911,0.57147,139793.65640556,1,-1,1,-1,1,-1,1,-1,-1,-1,-1,-1,-1,-1,-1,-1
2022-12-13,0.57221,0.57657,0.55824,0.576,211381.25997151,1,-1,1,-1,1,-1,1,-1,-1,-1,-1,-1,-1,-1,-1,-1
2022-12-14,0.57506,0.57632,0.55061,0.56211,32473.04353085,1,-1,1,-1,1,-1,1,-1,-1,-1,-1,-1,-1,-1,-1,-1
2022-12-15,0.56316,0.56784,0.5477,0.56304,122439.06410204,1,-1,1,-1,1,-1,1,-1,-1,-1,-1,-1,-1,-1,-1,-1
2022-12-16,0.56132,0.56517,0.51829,0.52547,75908.52266563,1,-1,1,-1,1,-1,1,-1,-1,-1,-1,-1,1,-1,-1,-1
2022-12-17,0.5256,0.532,0.52183,0.52697,83927.40148023,1,-1,1,-1,1,-1,1,-1,-1,-1,-1,-1,-1,-1,-1,-1
2022-12-18,0.52895,0.52972,0.51771,0.52331,178109.63739375,1,-1,1,-1,1,-1,1,-1,-1,-1,-1,-1,1,-1,-1,-1
2022-12-19,0.52289,0.52513,0.4956,0.50548,51482.17288124,1,-1,1,-1,1,-1,1,-1,-1,-1,-1,-1,1,-1,-1,-1
2022-12-20,0.50614,0.52841,0.50051,0.52177,157174.90605503,1,-1,1,-1,1,-1,1,-1,-1,-1,-1,-1,-1,-1,-1,-1
2022-12-21,0.52118,0.52221,0.50629,0.51283,238886.54719156,1,-1,1,-1,1,-1,1,-1,-1,-1,-1,-1,-1,-1,-1,-1
2022-12-22,0.51341,0.5235,0.50373,0.523,353806.71430246,1,-1,1,-1,1,-1,1,-1,-1,-1,-1,-1,-1,-1,-1,-1
2022-12-23,0.52101,0.5266,0.51819,0.52604,243577.28115997,1,-1,1,-1,1,-1,1,-1,-1,-1,-1,-1,-1,-1,-1,-1
2022-12-24,0.52675,0.52677,0.52147,0.52464,194514.3839541,1,-1,1,-1,1,-1,1,-1,-1,-1,-1,-1,-1,-1,-1,-1
2022-12-25,0.52372,0.52446,0.51301,0.51482,70932.3699656,1,-1,1,-1,1,-1,1,-1,-1,-1,-1,-1,-1,-1,-1,-1
2022-12-26,0.51533,0.54835,0.51504,0.5429,467883.97344342,-1,1,1,-1,1,-1,1,-1,-1,-1,-1,-1,-1,-1,-1,-1
2022-12-27,0.5415,0.55127,0.53247,0.55127,102837.95940346,-1,1,1,-1,1,-1,1,-1,-1,-1,-1,-1,-1,-1,-1,-1
2022-12-28,0.5458,0.54954,0.52728,0.52838,253129.67945106,-1,1,1,-1,1,-1,1,-1,-1,-1,-1,-1,-1,-1,-1,-1
2022-12-29,0.52811,0.52823,0.49865,0.5047,106894.83373533,-1,1,1,-1,1,-1,1,-1,-1,-1,-1,-1,-1,-1,-1,-1
2022-12-30,0.50572,0.50815,0.49345,0.50707,31199.33939681,-1,1,1,-1,1,-1,1,-1,-1,-1,-1,-1,-1,-1,-1,-1
2022-12-31,0.50436,0.50535,0.49626,0.49734,10173.0167248,1,-1,1,-1,1,-1,1,-1,-1,-1,-1,-1,-1,-1,-1,-1
2023-01-01,0.49765,0.49924,0.49046,0.49552,157392.97896714,1,-1,1,-1,1,-1,1,-1,-1,-1,-1,-1,-1,-1,-1,-1
2023-01-02,0.49647,0.52074,0.44736,0.51352,149666.74268514,1,-1,1,-1,1,-1,1,-1,-1,-1,-1,-1,-1,-1,-1,-1
2023-01-03,0.51021,0.51651,0.5,0.50996,399246.63792328,1,-1,1,-1,1,-1,1,-1,-1,-1,-1,-1,-1,-1,-1,-1
2023-01-04,0.51062,0.51711,0.50246,0.50688,69136.74613299,1,-1,1,-1,1,-1,1,-1,-1,-1,-1,-1,-1,-1,-1,-1
2023-01-05,0.51003,0.51003,0.49548,0.49696,21210.9176484,1,-1,1,-1,1,-1,1,-1,-1,-1,-1,-1,-1,-1,-1,-1
2023-01-06,0.49919,0.50231,0.49217,0.50231,263407.37547559,1,-1,1,-1,1,-1,1,-1,-1,-1,-1,-1,-1,-1,-1,-1
2023-01-07,0.50155,0.50301,0.49747,0.49979,11807.7610531,1,-1,1,-1,1,-1,1,-1,-1,-1,-1,-1,-1,-1,-1,-1
2023-01-08,0.49969,0.50187,0.49119,0.50187,193465.00805784,1,-1,1,-1,1,-1,1,-1,-1,-1,-1,-1,-1,-1,-1,-1
2023-01-09,0.50017,0.5139,0.49858,0.50294,126886.25929829,1,-1,1,-1,1,-1,1,-1,-1,-1,-1,-1,-1,-1,-1,-1
2023-01-10,0.5047,0.51202,0.49759,0.51007,77672.63720796,1,-1,1,-1,1,-1,1,-1,-1,-1,-1,-1,-1,-1,-1,-1
2023-01-11,0.50708,0.54479,0.50412,0.54028,84733.26644542,-1,1,1,-1,1,-1,1,-1,-1,-1,-1,-1,-1,-1,-1,-1
2023-01-12,0.54013,0.54828,0.52579,0.53884,92751.80434906,-1,1,1,-1,1,-1,1,-1,-1,-1,-1,-1,-1,-1,-1,-1
2023-01-13,0.53865,0.55423,0.53332,0.55423,36300.64580219,-1,1,1,-1,1,-1,1,-1,-1,-1,-1,-1,-1,-1,-1,-1
2023-01-14,0.55389,0.586,0.54543,0.5652,476016.51195046,-1,1,1,-1,1,-1,1,-1,-1,-1,-1,-1,-1,1,-1,-1
2023-01-15,0.56667,0.56667,0.54367,0.55384,105861.0585118,-1,1,1,-1,1,-1,1,-1,-1,-1,-1,-1,-1,-1,-1,-1
2023-01-16,0.55384,0.57846,0.5442,0.55488,80758.08226723,-1,1,1,-1,1,-1,1,-1,-1,-1,-1,-1,-1,-1,-1,-1
2023-01-17,0.55233,0.56686,0.5434,0.55426,76870.19677037,-1,1,1,-1,1,-1,1,-1,-1,-1,-1,-1,-1,-1,-1,-1
2023-01-18,0.55399,0.56142,0.52457,0.54585,154636.86636419,-1,1,-1,1,1,-1,1,-1,-1,-1,-1,-1,-1,-1,-1,-1
2023-01-19,0.5452,0.57253,0.54317,0.56956,49441.46679167,-1,1,-1,1,1,-1,1,-1,-1,-1,-1,-1,-1,-1,-1,-1
2023-01-20,0.56314,0.59245,0.55747,0.59245,26566.65000635,-1,1,-1,1,1,-1,1,-1,-1,-1,-1,-1,-1,1,-1,-1
2023-01-21,0.59183,0.59622,0.57611,0.58123,9945.32027258,-1,1,-1,1,1,-1,1,-1,-1,-1,-1,-1,-1,-1,-1,-1
2023-01-22,0.58326,0.58937,0.57076,0.57353,44896.67580988,-1,1,-1,1,1,-1,1,-1,-1,-1,-1,-1,-1,-1,-1,-1
2023-01-23,0.57495,0.61783,0.57454,0.60469,94376.13532029,-1,1,-1,1,-1,1,1,-1,-1,-1,-1,-1,-1,1,-1,-1
2023-01-24,0.60167,0.61286,0.57513,0.58042,44891.57542583,-1,1,-1,1,-1,1,1,-1,-1,-1,-1,-1,-1,-1,-1,-1
2023-01-25,0.57103,0.59167,0.56962,0.58819,30015.62090014,-1,1,-1,1,-1,1,1,-1,-1,-1,-1,-1,-1,-1,-1,-1
2023-01-26,0.5864,0.58743,0.57608,0.57625,8487.38203552,-1,1,-1,1,-1,1,1,-1,-1,-1,-1,-1,-1,-1,-1,-1
2023-01-27,0.57482,0.58008,0.56487,0.57944,234853.93839277,-1,1,-1,1,-1,1,1,-1,-1,-1,-1,-1,-1,-1,-1,-1
2023-01-28,0.57999,0.58566,0.57048,0.57399,195618.15157341,1,-1,-1,1,-1,1,1,-1,-1,-1,-1,-1,-1,-1,-1,-1
2023-01-29,0.5736,0.58566,0.57173,0.58287,125879.87764814,1,-1,-1,1,-1,1,1,-1,-1,-1,-1,-1,-1,-1,-1,-1
2023-01-30,0.58098,0.58734,0.55024,0.55955,132338.03003086,1,-1,-1,1,-1,1,1,-1,-1,-1,-1,-1,-1,-1,-1,-1
2023-01-31,0.55812,0.57883,0.55205,0.57537,49580.29135524,1,-1,-1,1,-1,1,1,-1,-1,-1,-1,-1,-1,-1,-1,-1
2023-02-01,0.57451,0.58354,0.56333,0.58051,24741.53058014,1,-1,-1,1,-1,1,1,-1,-1,-1,-1,-1,-1,-1,-1,-1
2023-02-02,0.57667,0.58953,0.57394,0.58021,73403.83584088,1,-1,-1,1,-1,1,1,-1,-1,-1,-1,-1,-1,-1,-1,-1
2023-02-03,0.5804,0.59498,0.57836,0.59413,43359.10111673,1,-1,-1,1,-1,1,1,-1,-1,-1,-1,-1,-1,-1,-1,-1
2023-02-04,0.59265,0.60231,0.58836,0.59276,16345.07263855,-1,1,-1,1,-1,1,1,-1,-1,-1,-1,-1,-1,-1,-1,-1
2023-02-05,0.59264,0.59473,0.57303,0.57759,14391.61277015,-1,1,-1,1,-1,1,1,-1,-1,-1,-1,-1,-1,-1,-1,-1
2023-02-06,0.57666,0.58566,0.569,0.569,47770.52202405,-1,1,-1,1,-1,1,1,-1,-1,-1,-1,-1,-1,-1,-1,-1
2023-02-07,0.56918,0.58173,0.5664,0.58173,30150.72163503,-1,1,-1,1,-1,1,1,-1,-1,-1,-1,-1,-1,-1,-1,-1
2023-02-08,0.57919,0.58197,0.57022,0.57555,113461.20154869,-1,1,-1,1,-1,1,1,-1,-1,-1,-1,-1,-1,-1,-1,-1
2023-02-09,0.57325,0.58326,0.54472,0.55074,78878.856889,1,-1,-1,1,-1,1,1,-1,-1,-1,-1,-1,-1,-1,-1,-1
2023-02-10,0.55091,0.56173,0.54651,0.55478,25025.18092209,1,-1,-1,1,-1,1,1,-1,-1,-1,-1,-1,-1,-1,-1,-1
2023-02-11,0.55229,0.55714,0.55087,0.55459,21125.21925383,1,-1,-1,1,-1,1,1,-1,-1,-1,-1,-1,-1,-1,-1,-1
2023-02-12,0.55559,0.55778,0.53978,0.54111,38891.0529641,1,-1,-1,1,-1,1,1,-1,-1,-1,-1,-1,-1,-1,-1,-1
2023-02-13,0.54446,0.5477,0.52432,0.53234,28617.09939137,1,-1,-1,1,-1,1,1,-1,-1,1,-1,-1,-1,-1,-1,-1
2023-02-14,0.53218,0.55066,0.52538,0.5453,32991.54861222,1,-1,-1,1,-1,1,1,-1,-1,-1,-1,-1,-1,-1,-1,-1
2023-02-15,0.54105,0.58012,0.53947,0.58012,59290.70272981,1,-1,-1,1,-1,1,1,-1,-1,-1,-1,-1,-1,-1,-1,-1
2023-02-16,0.57933,0.58515,0.55987,0.56148,60566.82072289,1,-1,-1,1,-1,1,1,-1,-1,-1,-1,-1,-1,-1,-1,-1
2023-02-17,0.55795,0.57918,0.55721,0.57584,28839.46474705,-1,1,-1,1,-1,1,1,-1,-1,-1,-1,-1,-1,-1,-1,-1
2023-02-18,0.57379,0.5773,0.57149,0.5737,8011.04662576,-1,1,-1,1,-1,1,1,-1,-1,-1,-1,-1,-1,-1,-1,-1
2023-02-19,0.57515,0.57817,0.56169,0.56256,12938.05672359,-1,1,-1,1,-1,1,-1,1,-1,-1,-1,-1,-1,-1,-1,-1
2023-02-20,0.56318,0.58694,0.5572,0.57524,26331.26197668,-1,1,-1,1,-1,1,-1,1,-1,-1,-1,-1,-1,-1,-1,-1
2023-02-21,0.5741,0.58322,0.56452,0.56927,11223.24786832,-1,1,-1,1,-1,1,-1,1,-1,-1,-1,-1,-1,-1,-1,-1
2023-02-22,0.56924,0.58314,0.56255,0.57958,18317.5055687,-1,1,-1,1,-1,1,-1,1,-1,-1,-1,-1,-1,-1,-1,-1
2023-02-23,0.57943,0.58295,0.56965,0.57147,18796.19021892,-1,1,-1,1,-1,1,-1,1,-1,-1,-1,-1,-1,-1,-1,-1
2023-02-24,0.57285,0.57576,0.55563,0.56195,31662.53585847,-1,1,-1,1,-1,1,-1,1,-1,-1,-1,-1,-1,-1,-1,-1
2023-02-25,0.56178,0.56496,0.55129,0.56198,8468.58389902,1,-1,-1,1,-1,1,-1,1,-1,-1,-1,-1,-1,-1,-1,-1
2023-02-26,0.56192,0.56541,0.55842,0.55949,8104.92519593,1,-1,-1,1,1,-1,-1,1,-1,-1,-1,-1,-1,-1,-1,-1
2023-02-27,0.55925,0.56301,0.55185,0.56149,24219.70543501,1,-1,-1,1,1,-1,-1,1,-1,-1,-1,-1,-1,-1,-1,-1
2023-02-28,0.55941,0.56763,0.55234,0.56038,21360.4732533,1,-1,1,-1,1,-1,-1,1,-1,-1,-1,-1,-1,-1,-1,-1
2023-03-01,0.558,0.56812,0.55447,0.56447,57050.84640631,1,-1,1,-1,1,-1,-1,1,-1,-1,-1,-1,-1,-1,-1,-1
2023-03-02,0.56751,0.56774,0.55668,0.55996,14101.57549924,1,-1,1,-1,1,-1,-1,1,-1,-1,-1,-1,-1,-1,-1,-1
2023-03-03,0.55351,0.55968,0.52513,0.55968,118301.18437503,1,-1,1,-1,1,-1,-1,1,-1,-1,-1,-1,-1,-1,-1,-1
2023-03-04,0.55826,0.55826,0.54771,0.5533,9992.10596624,1,-1,1,-1,1,-1,-1,1,-1,1,-1,-1,-1,-1,-1,-1
2023-03-05,0.55188,0.55738,0.54326,0.54326,18283.44002529,1,-1,1,-1,1,-1,-1,1,-1,-1,-1,-1,-1,-1,-1,-1
2023-03-06,0.54278,0.55374,0.5332,0.55077,20148.03890227,1,-1,1,-1,1,-1,-1,1,-1,-1,-1,-1,-1,-1,-1,-1
2023-03-07,0.54736,0.58135,0.54444,0.57373,21610.57745753,1,-1,1,-1,1,-1,-1,1,-1,-1,-1,-1,-1,-1,-1,-1
2023-03-08,0.57643,0.60385,0.56523,0.58833,25600.42682547,-1,1,1,-1,1,-1,-1,1,-1,-1,-1,-1,-1,-1,-1,-1
2023-03-09,0.58908,0.5976,0.55494,0.56548,29006.32980615,-1,1,1,-1,1,-1,-1,1,-1,-1,-1,-1,-1,-1,-1,-1
2023-03-10,0.56183,0.56899,0.54537,0.56349,23417.93759257,-1,1,1,-1,1,-1,-1,1,-1,-1,-1,-1,-1,-1,-1,-1
2023-03-11,0.56276,0.57137,0.5442,0.55157,1520278.90801571,-1,1,1,-1,1,-1,-1,1,-1,-1,-1,-1,-1,-1,-1,-1
2023-03-12,0.54964,0.55961,0.5332,0.55961,130554.35566375,-1,1,1,-1,1,-1,-1,1,-1,-1,-1,-1,-1,-1,-1,-1
2023-03-13,0.55968,0.56563,0.5332,0.55325,1622490.41931797,1,-1,1,-1,1,-1,-1,1,-1,-1,-1,-1,-1,-1,-1,-1
2023-03-14,0.55372,0.57674,0.54543,0.55583,1299550.59511484,1,-1,1,-1,1,-1,-1,1,-1,-1,-1,-1,-1,-1,-1,-1
2023-03-15,0.55477,0.55949,0.54153,0.54265,447257.6162987,1,-1,1,-1,1,-1,-1,1,-1,-1,-1,-1,-1,-1,-1,-1
2023-03-16,0.5427,0.55087,0.54124,0.54754,17024.37395333,1,-1,1,-1,1,-1,-1,1,-1,-1,-1,-1,-1,-1,-1,-1
2023-03-17,0.5468,0.56835,0.54396,0.56786,33345.94693479,1,-1,1,-1,1,-1,-1,1,-1,-1,-1,-1,-1,-1,-1,-1
2023-03-18,0.56756,0.58168,0.55589,0.55816,117566.42041343,1,-1,1,-1,1,-1,-1,1,-1,-1,-1,-1,-1,-1,-1,-1
2023-03-19,0.55975,0.59865,0.55975,0.57528,58622.37386629,-1,1,1,-1,1,-1,-1,1,-1,-1,-1,-1,-1,-1,-1,-1
2023-03-20,0.57973,0.58222,0.55565,0.55676,57310.19363353,-1,1,1,-1,1,-1,-1,1,-1,-1,-1,-1,-1,-1,-1,-1
2023-03-21,0.56217,0.73908,0.56217,0.70155,230467.48868045,-1,1,-1,1,1,-1,-1,1,1,-1,-1,-1,-1,1,-1,1
2023-03-22,0.70447,0.71177,0.61408,0.63104,98761.12482759,-1,1,-1,1,-1,1,-1,1,-1,-1,-1,-1,-1,-1,-1,-1
2023-03-23,0.6283,0.67763,0.61659,0.66472,69766.23680255,-1,1,-1,1,-1,1,-1,1,-1,-1,1,-1,-1,-1,-1,-1
2023-03-24,0.66329,0.66329,0.62498,0.63558,213549.42267304,-1,1,-1,1,-1,1,-1,1,-1,-1,-1,-1,-1,-1,-1,-1
2023-03-25,0.63834,0.69831,0.6379,0.66557,387474.5147266,-1,1,-1,1,-1,1,-1,1,-1,-1,-1,-1,-1,-1,-1,-1
2023-03-26,0.66495,0.69825,0.66479,0.67325,12853.69972325,-1,1,-1,1,-1,1,-1,1,-1,-1,-1,-1,-1,-1,-1,-1
2023-03-27,0.67573,0.73554,0.66772,0.72075,171363.64231009,-1,1,-1,1,-1,1,-1,1,-1,-1,-1,-1,-1,-1,-1,-1
2023-03-28,0.71885,0.78764,0.70184,0.76619,68664.49378601,-1,1,-1,1,-1,1,-1,1,-1,-1,-1,-1,-1,1,-1,1
2023-03-29,0.76655,0.90744,0.76655,0.81105,501856.32659915,-1,1,-1,1,-1,1,-1,1,-1,-1,-1,-1,-1,1,-1,1
2023-03-30,0.81128,0.82419,0.78422,0.7931,104578.20326488,-1,1,-1,1,-1,1,-1,1,-1,-1,-1,-1,-1,1,-1,1
2023-03-31,0.79083,0.81767,0.78423,0.80291,39801.64107128,-1,1,-1,1,-1,1,-1,1,-1,-1,-1,-1,-1,1,-1,1
2023-04-01,0.80056,0.80124,0.74583,0.76154,65440.98633473,-1,1,-1,1,-1,1,-1,1,-1,-1,-1,-1,-1,-1,-1,-1
2023-04-02,0.76122,0.78712,0.75117,0.77522,23309.67294725,-1,1,-1,1,-1,1,-1,1,-1,-1,-1,-1,-1,-1,-1,-1
2023-04-03,0.77448,0.78432,0.71616,0.73325,131142.18625855,-1,1,-1,1,-1,1,-1,1,-1,-1,-1,-1,-1,-1,-1,-1
2023-04-04,0.72804,0.75132,0.71915,0.74446,56364.41598491,-1,1,-1,1,-1,1,-1,1,-1,-1,-1,-1,-1,-1,-1,-1
2023-04-05,0.741,0.77846,0.7386,0.75118,45878.70954311,1,-1,-1,1,-1,1,-1,1,-1,-1,-1,-1,-1,-1,-1,-1
2023-04-06,0.74968,0.76111,0.73384,0.75246,28077.84984486,1,-1,-1,1,-1,1,-1,1,-1,-1,-1,-1,-1,-1,-1,-1
2023-04-07,0.75237,0.77164,0.74514,0.76847,16089.58384099,1,-1,-1,1,-1,1,-1,1,-1,-1,-1,-1,-1,-1,-1,-1
2023-04-08,0.76346,0.76766,0.75405,0.7565,7890.17826613,1,-1,-1,1,-1,1,-1,1,-1,-1,-1,-1,-1,-1,-1,-1
2023-04-09,0.7588,0.7614,0.75277,0.75612,6051.49831292,1,-1,-1,1,-1,1,-1,1,-1,-1,-1,-1,-1,-1,-1,-1
2023-04-10,0.75843,0.77964,0.74869,0.77964,49115.82160183,-1,1,-1,1,-1,1,-1,1,-1,-1,-1,-1,-1,-1,-1,-1
2023-04-11,0.77677,0.78665,0.76717,0.77384,116369.00656569,-1,1,-1,1,-1,1,-1,1,-1,-1,-1,-1,-1,-1,-1,-1
2023-04-12,0.77404,0.77404,0.74777,0.75329,127377.42767027,-1,1,-1,1,-1,1,-1,1,-1,-1,-1,-1,-1,-1,-1,-1
2023-04-13,0.75453,0.76167,0.74661,0.75572,43757.50728658,-1,1,-1,1,-1,1,-1,1,-1,-1,-1,-1,-1,-1,-1,-1
2023-04-14,0.75518,0.80471,0.75469,0.77895,150693.82071243,-1,1,-1,1,-1,1,-1,1,-1,-1,-1,-1,-1,-1,-1,-1
2023-04-15,0.77929,0.78596,0.77196,0.77543,16782.34512801,-1,1,-1,1,-1,1,-1,1,-1,-1,-1,-1,-1,-1,-1,-1
2023-04-16,0.77436,0.78122,0.76864,0.77902,22122.24665062,-1,1,-1,1,-1,1,-1,1,-1,-1,-1,-1,-1,-1,-1,-1
2023-04-17,0.77582,0.77582,0.75891,0.76079,42615.6956334,-1,1,-1,1,-1,1,-1,1,-1,-1,-1,-1,-1,-1,-1,-1
2023-04-18,0.76156,0.79488,0.75919,0.79488,36638.88477591,-1,1,-1,1,-1,1,-1,1,-1,-1,-1,-1,-1,-1,-1,-1
2023-04-19,0.79034,0.79297,0.70771,0.7308,170269.95431068,1,-1,-1,1,-1,1,-1,1,-1,-1,-1,-1,-1,-1,-1,-1
2023-04-20,0.73688,0.74199,0.69056,0.70426,24394.80881313,1,-1,-1,1,-1,1,-1,1,-1,-1,-1,-1,-1,-1,-1,-1
2023-04-21,0.70455,0.71142,0.66057,0.67157,26105.54686579,1,-1,-1,1,-1,1,-1,1,-1,-1,-1,-1,-1,-1,-1,-1
2023-04-22,0.67292,0.7103,0.66772,0.70793,85893.57551894,1,-1,-1,1,-1,1,-1,1,-1,-1,-1,-1,-1,-1,-1,-1
2023-04-23,0.70585,0.70751,0.6819,0.6932,62347.53344109,1,-1,-1,1,-1,1,-1,1,-1,-1,-1,-1,-1,-1,-1,-1
2023-04-24,0.69711,0.72606,0.67068,0.68908,70635.24921614,1,-1,-1,1,-1,1,-1,1,-1,-1,-1,-1,-1,-1,-1,-1
2023-04-25,0.68644,0.71037,0.67878,0.71037,23990.25733704,1,-1,-1,1,-1,1,-1,1,-1,-1,-1,-1,-1,-1,-1,-1
2023-04-26,0.70701,0.72338,0.65951,0.69723,27533.20443494,1,-1,-1,1,-1,1,-1,1,-1,-1,-1,-1,-1,-1,-1,-1
